,Title,data
0,Cómo cambiar tu plan,"Puedes cambiar tu plan de Netflix en cualquier momento si sigues estos pasos:
Inicia sesión en tu cuenta de Netflix.
Selecciona Cambiar plan. Si no encuentras la opción para cambiar de plan, comunícate con nosotros.
NOTA:Si tu cuenta está suspendida, no se pueden realizar cambios de plan hasta que se resuelva la suspensión.
Selecciona el plan deseado y, luego, selecciona Continuar o Actualizar.
Selecciona Confirmar cambio o Confirmar.
El cambio de plan por uno de mayor precio se aplica de inmediato para que puedas disfrutar de todas las nuevas funciones. Como Netflix es un servicio prepago, tu fecha de facturación variará en función del saldo restante del último pago que hiciste.

El cambio a un plan de menor precio entrará en vigencia en la siguiente fecha de facturación. Puedes continuar usando las funciones del plan de mayor precio hasta la siguiente fecha de facturación. Puedes cancelar Netflix en cualquier momento."
1,Cómo cancelar Netflix,"Puedes cancelar tu cuenta de Netflix en cualquier momento.
NOTA: Esta es la única manera de cancelar tu cuenta y finalizar tu membresía. Al cerrar sesión en tu cuenta o eliminar la app de Netflix, no se cancelará tu cuenta.
Cuándo dejan de cobrarse los cargos de membresía
Si no ves la opción de cancelación
Cómo cancelar el servicio antes del final del periodo de facturación
Cómo cancelar el servicio cuando una cuenta está suspendida
Cómo cancelar el servicio si tienes una tarjeta de regalo o un saldo promocional
Pausar membresía


Cómo volver a suscribirse a Netflix
Cómo impedir que otros reinicien tu cuenta"
2,Cómo cambiar o restablecer tu contraseña,"Cambiar la contraseña
Si sabes tu contraseña y puedes iniciar sesión en Netflix, pero quieres cambiarla, visita la página Cambiar contraseña.
No puedes cambiar la contraseña si estás usando un perfil de niños. Cambia de perfil y, luego, cambia la contraseña.
Cuando elijas una contraseña:
Debe ser diferente de la que usas para otros sitios webs u otras apps
Que contenga un mínimo de 8 caracteres.
Que incluya una combinación de letras mayúsculas y minúsculas, números, y símbolos.
Que no se pueda adivinar fácilmente, como ""contraseña"", ""12345678"", ni información personal (nombre, cumpleaños, dirección).
Un administrador de contraseñas puede ayudarte a ordenar tus contraseñas exclusivas.

Si no puedes iniciar sesión o no recuerdas tu contraseña, consulta Cómo cambiar o restablecer tu contraseña.
Restablecer la contraseña
Si no puedes iniciar sesión o no recuerdas tu contraseña, deberás restablecerla por email o mensaje de texto (si agregaste un número de teléfono a tu cuenta).
Si no puedes recordar la dirección de email o el número de teléfono con los que te suscribiste, puedes utilizar tu información de pago para recuperar tu cuenta.

Restablecer contraseña por email

Restablecimiento de la contraseña por mensaje de texto (SMS)

Recuperar la información de tu cuenta a partir de la información de facturación"
3,Cómo actualizar la información de tu cuenta de Netflix,"Si quieres actualizar la información de tu cuenta de Netflix, sigue los pasos que se indican a continuación.
Dirección de email

Forma de pago
Contraseña
Número de teléfono
Perfiles
Cuando actualices la información de tu cuenta, te enviaremos un email para confirmar los cambios. Si tienes problemas para guardar la información que actualizaste, sigue estos pasos para la solución de problemas."
4,Uso compartido de tu cuenta de Netflix,"Cada cuenta de Netflix está pensada para compartirse entre personas que viven juntas en el mismo hogar.
Compartir Netflix con alguien que no vive contigo"
5,Cómo mantener segura tu cuenta,"Estas son nuestras recomendaciones principales para mantener seguras la cuenta y la información personal.
Usar una contraseña para Netflix que no uses para otros fines
Si usas el mismo email y la misma contraseña en más de un sitio web, app o servicio y un atacante logra vulnerar el acceso a uno de esos servicios, puede usar esos datos para apoderarse de cualquier otra cuenta que use esa combinación.
Requisitos para tu contraseña:
Debe ser diferente de la que usas para otros sitios webs u otras apps
Que contenga un mínimo de 8 caracteres.
Que incluya una combinación de letras mayúsculas y minúsculas, números, y símbolos.
Que no se pueda adivinar fácilmente, como ""contraseña"", ""12345678"", ni información personal (nombre, cumpleaños, dirección).
Un administrador de contraseñas puede ayudarte a ordenar tus contraseñas exclusivas.
Puedes actualizar la contraseña desde la página Cuenta o enviarte un email o un mensaje de texto para restablecer la contraseña.
Otras medidas que deberías tomar
Cerrar sesión en dispositivos sin usar o no reconocidos
Estar alerta a los mensajes y sitios web falsos (suplantación de identidad)
Denunciar la actividad fraudulenta o sospechosa
Agregar un número de teléfono para recuperación de contraseña
Mantener protegida tu computadora
Informarnos sobre los errores de seguridad


Si tienes preguntas sobre la privacidad de tu información, consulta nuestra Declaración de privacidad."
6,Facturación y pagos,"Tus cargos del servicio de Netflix
Puedes consultar el historial de facturación, el precio y los impuestos aplicables de tu membresía en la sección historial de pago de tu página Cuenta.
Ver tu plan y costo mensual
Comprende tu fecha de facturación
Actualiza tu información de pago
Imprime tu factura de Netflix
Resolver problemas de pago
Si hay un problema con tu forma de pago, aquí encontrarás algunas de las causas más comunes y sugerencias para resolver el inconveniente.
Se rechazó la forma de pago
No se acepta la forma de pago
Cuenta cancelada inesperadamente
Investigar cargos inesperados
El precio es más alto de lo esperado
Se te cobró antes de lo esperado
Varios cargos o cargos no autorizados"
7,Tarjetas de regalo de Netflix,"Por el momento, no se venden tarjetas de regalo de Netflix en tu país. Podrás usar una tarjeta de regalo de Netflix comprada en otro país siempre que se te facture Netflix en la misma moneda que figura en la tarjeta.
Para obtener más información, usa la lista de selección que aparece arriba para seleccionar el país en el que se compró la tarjeta de regalo.
NOTA:Para usar la tarjeta de regalo, deberás agregar una segunda forma de pago."
8,¿Cómo elimino las formas de pago de mi cuenta?,"Para quitar una forma de pago de tu cuenta, ve a la página Administrar información de pago y elimina la forma de pago deseada. Si aún no lo hiciste, es posible que debas iniciar sesión.
Si solo tienes registrada una forma de pago, no podrás quitarla sino hasta haber agregado una nueva forma de pago. Al eliminar una forma de pago de tu cuenta, Netflix ya no podrá cobrar el servicio a través de ella a menos que se vuelva a agregar a tu cuenta de Netflix.
Si tienes Netflix a través de un paquete de socio proveedor de servicio y deseas eliminar una forma de pago de respaldo, contáctanos para recibir ayuda.

El Servicio al Cliente no puede eliminar una forma de pago específica de tu cuenta. Sin embargo, podemos quitar todas las formas de pago si no realizas el pago a través de un socio o tarjetas de regalo. Una vez eliminada, puedes agregar una nueva forma de pago en tu cuenta antes de que finalice tu periodo de facturación actual si deseas continuar usando Netflix.
NOTA:Ciertas formas de pago mediante terceros no se pueden quitar de las cuentas.
Si tienes alguna pregunta sobre la eliminación o retención de datos, ponte en contacto con privacy@netflix.com."
9,Cómo encontrar la fecha de facturación,"Encuentra tu fecha de facturación
Inicia sesión en tu cuenta y ve a la página historial de pagos para ver tu plan de membresía e historial de facturación. Tu fecha de facturación corresponde al día en que te suscribiste a tu cuenta de Netflix.
Es probable que tu fecha de facturación pueda adelantarse un día, debido a las diferencias entre zonas horarias.
Si el día de tu fecha de facturación no existe en todos los meses (por ejemplo, el día 31), entonces la facturación tendrá lugar el último día de ese mes.
Si pagas Netflix por medio de un tercero, tu fecha de facturación de Netflix podría ser distinta de la fecha de facturación del proveedor.
Cambio de tu fecha de facturación
Para cambiar tu fecha de facturación, deberás cancelar tu cuenta y reiniciarla en la fecha en que deseas recibir tu facturación.
Si cancelas dentro de tu periodo de facturación actual, puedes continuar viendo Netflix hasta que termine ese periodo de facturación. Luego, puedes reiniciar tu cuenta en la fecha en que deseas recibir tu facturación.
Si tu cuenta está suspendida, la cuenta se cancela de inmediato y puedes reiniciarla en cualquier momento."
10,No se puede iniciar sesión en Netflix,"Si tienes problemas para iniciar sesión en tu cuenta de Netflix, elige la opción que mejor se adapte a tu situación.
Si aparece un mensaje de error al iniciar sesión
Si no puedes iniciar sesión en ningún dispositivo
Si puedes iniciar sesión en un dispositivo, pero no en otro"
11,Netflix solicita que te suscribas cuando intentas iniciar sesión,"Si ves los pasos para crear una nueva cuenta al intentar iniciar sesión en Netflix, sigue estos pasos para volver a la página de inicio de sesión.
Computadora, teléfono o tablet
Smart TV o decodificador
Si estos pasos no funcionaron, tu cuenta está usando otra dirección de email o ya no está activa. Comprueba si Netflix te cobró recientemente.
Si:
tienes un cargo de Netflix en el último mes, tu cuenta sigue activa, pero es posible que esté utilizando otra dirección de email. Intenta iniciar sesión con otra dirección de email.
NOTA:Si no recuerdas el email o el número de teléfono de tu cuenta de Netflix, sigue estos pasos para la solución de problemas.
no tienes ningún cargo de Netflix en el último mes, es posible que tu cuenta ya no esté activa. Sigue los pasos para reiniciar tu cuenta.
NOTA:Si tienes una tarjeta de regalo o promoción activa en tu cuenta, quizás no puedas ver cargos recientes de Netflix."
12,Netflix dice que la cuenta está en uso,"Si aparece el código de error E123 o cualquiera de estos mensajes al reproducir una serie o película:
Hay demasiadas personas usando tu cuenta en este momento.
Tu cuenta de Netflix ya está en uso en otro dispositivo.
Tu cuenta de Netflix ya está en uso en demasiados dispositivos.
Esto significa que se alcanzó la cantidad máxima de dispositivos que pueden ver Netflix al mismo tiempo usando tu cuenta de Netflix. Tu plan de Netflix determina en cuántos dispositivos se permite ver Netflix al mismo tiempo usando tu cuenta.
Para solucionar el problema:
En otro dispositivo en el que esté en uso tu cuenta, deja de reproducir Netflix o cierra la app de Netflix. Si desconoces qué dispositivos podrían estar usando Netflix al mismo tiempo, puedes comprobar qué dispositivos se usaron recientemente para ver Netflix.
NOTA:Después de detener Netflix en otro dispositivo, es posible que tengas que esperar de 5 a 10 minutos antes de poder ver contenido en tu dispositivo.
También puedes cambiar tu plan de Netflix por uno superior para que se pueda ver Netflix en más dispositivos al mismo tiempo (hasta 4 con el plan Premium).
Si se está usando tu cuenta de Netflix sin tu permiso, puedes evitar que alguien use tu cuenta."
13,"Netflix muestra el mensaje ""Tu cuenta está suspendida por un problema con el último pago"".","Aparece el código de error E101 o este mensaje de error:
Tu cuenta está suspendida debido a un problema con el último pago.
Esto significa que Netflix no pudo procesar el pago de tu cuenta. Esto se puede deber a varios motivos:
La forma de pago podría no tener suficientes fondos.
Ten en cuenta que otros cargos o autorizaciones pendientes pueden afectar el saldo de la tarjeta.
La forma de pago ya no es válida o está vencida.
La institución financiera no aprobó el cargo mensual.
La información de pago suministrada a Netflix no coincide con los registros de tu banco.
Solo en los EE. UU: el código postal de la tarjeta de crédito registrado en tu cuenta de Netflix no coincide con el registrado en tu banco.
Sigue estos pasos para solucionar el problema.
Actualiza tu forma de pago
Comunícate con la institución financiera"
14,Cargos no reconocidos o no autorizados de Netflix,"Si ves cargos de Netflix inesperados en tu estado de cuenta, sigue los siguientes pasos cuando corresponda.
Se te cobró Netflix, pero no tienes una cuenta
Se sigue cobrando en una tarjeta vencida
Se te cobró un monto diferente al esperado
Se te cobró después de cancelar la cuenta
Se te cobró varias veces"
15,Netflix me cobró dos veces,"Hay diferentes motivos por los que podrías ver más de un cargo de Netflix en tu factura:
Agregaste recientemente una forma de pago a tu cuenta
Cambiaste recientemente tu plan
Si ninguno de los motivos anteriores corresponde a tu caso y ves más de un cargo de Netflix, comunícate con nosotros.
¿No es exactamente lo que estás buscando? Consulta también Cargos no reconocidos o no autorizados de Netflix o Se me cobró después de cancelar Netflix."
16,Netflix no funciona,"Si Netflix no funciona, ingresa el mensaje o código de error o describe el problema en la barra de búsqueda.
Buscar
Problemas comunes
Pantalla negra sin sonido
Pantalla negra con sonido
Netflix se congela, deja de responder o se bloquea durante la carga, pero el dispositivo no se congela.
El video se congela, pero el sonido sigue reproduciéndose
No se puede iniciar sesión en Netflix
Artículos relacionados
No se puede iniciar sesión en Netflix
Netflix se congela, deja de responder o se bloquea durante la carga, pero el dispositivo no se congela.
Facturación y pagos"
17,Error de Netflix NW-2-5,"Es posible que veas este mensaje en tu TV o dispositivo de streaming para TV cuando intentes abrir Netflix:
Netflix encontró un error. Reintentando en [X] segundos.
Código: NW-2-5
El código de error NW-2-5 indica que tu dispositivo tardó demasiado en conectarse a Netflix. Por lo general, eso significa que hay un problema con la conectividad a internet en el dispositivo o la red doméstica.
Sigue los pasos que se indican a continuación para solucionar el problema. Si el problema no se soluciona después de seguir estos pasos, tendrás que comunicarte con tu proveedor de servicios de internet.
1. Comprueba tu conexión a internet
2. Reinicia tu dispositivo
3. Reinicia la red doméstica
4. Cambia de lugar tu enrutador wifi
5. Establece la configuración de DNS en automático (solo PlayStation/Xbox)
6. Comunícate con tu proveedor de servicios de internet"
18,Error de Netflix ui-800-3,"Si el error que aparece en tu dispositivo también tiene números entre paréntesis ( ), busca ese código de error exacto en nuestro Centro de ayuda para obtener los pasos correctos. Ejemplo: ui-800-3 (123456)
Si el error que aparece en tu dispositivo solo muestra el código ui-800-3, esto indica que es necesario actualizar la información almacenada en el dispositivo, o que un problema de red impidió la reproducción de Netflix.
Para solucionarlo, sigue los pasos específicos para tu dispositivo.
TV o dispositivo conectado a TV
Consola de videojuegos
Todos los demás dispositivos"
19,Error de Netflix tvq-pb-101,"Verifica el código de error en tu TV. Si aparecen otros números o letras entre paréntesis ( ), busca ese código de error exacto en nuestro Centro de ayuda. Posiblemente haya un artículo que incluya pasos para solucionar ese código de error exacto.
Este error se produce cuando hay un problema con los datos almacenados en tu dispositivo que impide la reproducción de Netflix.
Para solucionarlo, sigue los pasos específicos para tu dispositivo.
Smart TV
Reproductor multimedia
Decodificador
Roku
PlayStation 3
Xbox 360
Todos los demás dispositivos"
20,Error de Netflix 113,"Aparece el código de error 113 en tu Apple TV, acompañado en algunas ocasiones por uno de los siguientes mensajes:
Lo sentimos, hubo un problema al iniciar sesión.
No se pudo verificar tu nombre de cuenta o contraseña de Netflix. Vuelve a intentarlo. Dirígete a www.netflix.com/support para obtener más información.
Esto indica, por lo general, que hay un problema con tu información de inicio de sesión. Sigue los pasos que se indican a continuación para solucionar el problema.
Verificar el email y la contraseña
Restablecer tu contraseña
Reinicia tu dispositivo
Reinstalar la app de Netflix
Actualizar tu Apple TV
Restablecer toda la configuración en tu Apple TV"
21,Solucionar un problema en tu teléfono o tablet con Android,"Si Netflix no funciona en tu teléfono o tablet con Android, con frecuencia puedes solucionar el problema con estos pasos básicos.
Apaga tu dispositivo y vuelve a encenderlo
Borrar los datos de la aplicación de Netflix
Reinstalar la aplicación de Netflix
Probar tu conexión a internet
Reinicia la red doméstica




Qué hacer a continuación"
22,Cómo solucionar un problema en tu TV o reproductor multimedia,"Si Netflix no funciona en tu TV o en un dispositivo conectado a la TV, muchas veces es posible solucionar el problema siguiendo estos pasos básicos.
Reinicia tu dispositivo
Reinicia la red doméstica
Cerrar sesión en Netflix
Qué hacer a continuación"
23,"Netflix muestra el mensaje: ""Esta app no es compatible con tu dispositivo"".","Cuando intentes descargar la app de Netflix, es posible que veas este mensaje en tu teléfono o tablet con Android:
Esta app no es compatible con tu dispositivo.
Este mensaje generalmente indica que el dispositivo no puede obtener la app de Netflix desde Google Play Store porque no tiene la certificación Play Protect.
Para solucionar el problema:
Verificar el estado de Play Protect de tu dispositivo
Abre la app Play Store.
En el área superior derecha, toca tu ícono de perfil.
Toca Configuración > Acerca de.
En Certificación de Play Protect, consulta el estado de certificación de tu dispositivo.
Si aparece el mensaje El dispositivo está certificado, comunícate con nosotros para obtener más información.
Si el dispositivo no está certificado, deberás usar un dispositivo compatible para ver Netflix. Te recomendamos que te comuniques con el fabricante del dispositivo para consultar por un dispositivo con certificación Play Protect. Para obtener más información, ve a la página de soporte sobre la certificación Play Protect de Google."
24,El navegador no es compatible,"Si Netflix te llevó a este artículo en lugar de reproducir una serie o una película, quiere decir que tu navegador no es compatible con la reproducción de los videos de Netflix.
NOTA:Netflix finalizó el soporte para Silverlight el 13 de septiembre de 2023.
Para seguir viendo Netflix, deberás actualizar tu navegador a una versión compatible con HTML5:
Google Chrome
Microsoft Edge
Safari
Mozilla Firefox
Opera
NOTA:Para conocer los navegadores que funcionan con tu computadora, consulta los requerimientos del sistema."
25,Pantalla negra con sonido,"Si escuchas sonido, pero no ves el video, o si el video se vuelve negro durante la reproducción, generalmente significa que existe un problema con tu dispositivo o con el cable de video que impide que Netflix muestre el video.
NOTA:Si no recibes ni sonido ni video, sigue estos pasos.
Para solucionarlo, sigue los pasos específicos para tu dispositivo.
TV o dispositivo conectado a TV
Teléfono o tablet con Android
iPhone o iPad
Computadora
Chromecast
PlayStation 4
Xbox
Todos los demás dispositivos"
26,"Cómo crear, cambiar o eliminar perfiles","Las personas que viven en un mismo hogar pueden tener su propia experiencia personalizada de Netflix. Puedes tener hasta 5 perfiles con una misma cuenta de Netflix.
NOTA:Los perfiles no están disponibles en dispositivos fabricados antes de 2013. Las cuentas de miembro extra tienen 1 perfil, y no se pueden crear perfiles adicionales en ellas.
Cada perfil tiene sus propias opciones de:
Preferencias de idioma
Calificación por edad
Restricciones de visualización específicas
Bloqueo de perfil
Registro de actividad de visualización
Alias de juegos
Progreso guardado de los juegos
Aspecto de los subtítulos
Configuración de reproducción
Sugerencias personalizadas de películas y series
Mi lista
Calificaciones
Email (para emails de notificación y solo perfiles con clasificación para todas las edades)
NOTA:Ciertas funciones no están disponibles para los perfiles de niños.
Crear un perfil
Eliminar un perfil

Cambiar un perfil
Usar perfiles y controles parentales
Agregar o actualizar una dirección de email


Crear y administrar alias de juegos"
27,Cómo cambiar el idioma en Netflix,"Puedes cambiar el idioma del texto que ves en Netflix y el idioma del audio y los subtítulos.
Cambiar el idioma de visualización de Netflix
Cambiar el idioma del audio y los subtítulos"
28,Transferencias de perfiles,"La transferencia de perfiles les permite al miembro de Netflix y a las personas que usan la cuenta del miembro transferir un perfil a una cuenta nueva, una cuenta existente o un cupo de miembro extra. Esto incluye recomendaciones, historial de contenido visto, Mi lista, progreso guardado de los juegos, configuración y más.
La función de transferencia de perfiles se incluye en tu cuenta. Si no quieres habilitar esta función en tu cuenta, sigue estas instrucciones para desactivar las transferencias de perfiles.
Un perfil puede transferirse siempre que:
esté en una cuenta activa;
no sea un perfil de Niños;
no esté protegido por PIN (si tiene un PIN, quítalo y luego haz la transferencia);
no tenga una dirección de email asociada a ese perfil.
Cómo...
Activar o desactivar la transferencia de perfiles
Iniciar una cuenta nueva con la transferencia de perfiles
Transferir un perfil a una cuenta actual
Transferir un perfil a una cuenta de miembro extra
Información que se transferirá
Qué se transferirá

Cómo eliminar los perfiles transferidos
Más información acerca de la transferencia de perfiles
Cómo transferir un perfil a una cuenta pagada a través de un paquete de socio proveedor de servicio, un complemento de paquete o facturación por medio de terceros
Cómo duplicar un perfil dentro una cuenta actual
Cómo terminar una transferencia incompleta"
29,Uso de Netflix fuera de tu casa,"Es fácil ver Netflix cuando estás fuera de casa o de viaje. Puedes ver Netflix como siempre, en tus dispositivos móviles, ya sean tablets, teléfonos celulares o laptops, o puedes iniciar sesión en una TV nueva, por ejemplo, en un hotel o en una casa de vacaciones.
Segunda casa o viajes frecuentes al mismo lugar
Cuando uses Netflix fuera del país desde el que te suscribiste, puedes encontrar algunas pequeñas diferencias:
Selección de series y películas: Es posible que las opciones de streaming y descarga (incluidas las opciones de audio y subtítulos) varíen según el país. Además, los títulos de Mi lista y Continuar viendo podrían no estar disponibles.
Diferentes clasificaciones por edad: Las clasificaciones por edad y otras clasificaciones en Netflix corresponden al país en el que te encuentras. Si configuraste controles parentales que utilizan un sistema de clasificación diferente del país que estás visitando, es posible que la disponibilidad de ciertos títulos varíe en función de las diferencias en las clasificaciones por edad.
Descargas: Los títulos descargados en tu teléfono, tablet o computadora podrían no estar disponibles mientras estás en otro país.
NOTA:Las tarjetas de regalo y otras formas de pago en efectivo varían según el país. Es posible que no estén disponibles o no sean elegibles para su uso en el lugar al que viajes. No te olvides de recargar tu cuenta o agregar una forma de pago de respaldo antes de viajar.
Si estás preparándote para mudarte o te mudaste recientemente, consulta Las mudanzas y Netflix para ver qué debes tener en cuenta."
30,Cómo obtener la mejor calidad de video,"Asegúrate de estar viendo Netflix en la calidad más alta posible, ya sea en HD, Ultra HD 4K o HDR.
Deberías ver automáticamente con la mejor calidad. Sin embargo, si no es la que esperas, este artículo podría ayudarte.
Si quieres cambiar la calidad de video de las descargas, consulta Cómo cambiar la calidad de video de una descarga.
Sigue cada uno de los siguientes pasos. Si realizas algún cambio, antes de continuar, detente y comprueba si notas alguna diferencia.
1. Consulta la etiqueta de calidad de video de Netflix






2. Consulta tu plan
3. Comprueba tu red
4. Comprueba tus dispositivos

5. Realiza la comprobación con los títulos correctos
6. Comprueba la configuración de tu cuenta
¿Estás viendo Netflix en una computadora o un dispositivo móvil? Es posible que debas revisar algunos detalles más. Para obtener más información, consulta el artículo correspondiente a tu dispositivo: Windows, Mac, teléfono o tablet con Android, iPhone o iPad
Si completaste todos los pasos y todavía no obtienes la calidad de video esperada, comunícate con el fabricante del dispositivo."
31,"Cómo usar subtítulos, subtítulos descriptivos o seleccionar el idioma de audio","Puedes cambiar los subtítulos, los subtítulos descriptivos y el idioma de audio en muchas series y películas. En TV y dispositivos conectados a TV, Netflix te mostrará los 5 a 7 idiomas más relevantes de acuerdo con tu ubicación y configuración de idioma. Para iPhone, iPad, teléfonos y tablets con Android y navegadores web, verás todos los idiomas disponibles para un título. Para las descargas, Netflix te mostrará los 2 idiomas más relevantes.
Para usar subtítulos, subtítulos descriptivos o seleccionar el idioma de audio:
Abre Netflix.
Selecciona una serie o una película.
Inicia la reproducción y toca la pantalla.
En la parte superior o inferior de la pantalla, selecciona Audio y subtítulos.
Realiza los cambios en las selecciones de audio o de subtítulos.
NOTA:Las preferencias de subtítulos y audio no se guardan al ver la mayoría de los títulos para Niños desde un perfil de adultos. Se guardan al ver desde un perfil de Niños.
Para saber si un título tiene subtítulos para personas sordas y con problemas de audición (SDH), comprueba si aparece el símbolo de SDH en la página de información.
NOTA: Algunas series podrían no tener SDH para todas las temporadas o los episodios."
32,"Cómo usar ""Mi lista""","Puedes crear una lista de visualización de series y películas agregándolas a Mi lista. En los dispositivos móviles compatibles, también puedes agregar juegos a Mi lista.
Para agregar a Mi lista
Para eliminar de Mi lista
Para ver Mi lista
Acerca de Mi lista"
33,Accesibilidad en Netflix,"Hay varias opciones para acceder a Netflix y ver el contenido. Las siguientes funciones de accesibilidad están disponibles para ayudar a las personas que tienen necesidades especiales en materia auditiva, visual o de movilidad.
Sistemas de asistencia auditiva
Puedes usar varios tipos de sistemas de asistencia auditiva como auriculares, audífonos o audífonos colgantes para escuchar las series o películas que estás viendo.
Audio descriptivo
El audio descriptivo proporciona más detalles sobre lo que sucede en la pantalla, desde expresiones faciales y movimientos hasta cambios de escena. Netflix tiene una amplia variedad de series y películas disponibles con audio descriptivo.
Controles de brillo
Puedes aumentar o disminuir el brillo de una serie o una película mientras la ves en un dispositivo móvil.
Controles de tamaño de fuente
Para ver un tamaño de fuente más grande en la app de Netflix, actualiza la configuración en tu dispositivo móvil con iOS o Android.
Accesos directos de teclado
Puedes controlar la reproducción de series y películas usando accesos directos de teclado en tu computadora. Las opciones incluyen reproducir/pausar, retroceder, adelantar, así como ajustar el tamaño de la pantalla y el volumen.
Controles de velocidad de reproducción
Puedes aumentar o disminuir la velocidad de reproducción de una serie o película mientras la ves en un dispositivo móvil.
Lectores de pantalla
Hay muchos lectores de pantalla que leen el texto en voz alta y te permiten así usar Netflix.
Subtítulos y subtítulos ocultos
Los subtítulos muestran los diálogos como texto que puedes leer en la pantalla. Los subtítulos ocultos no solo incluyen el texto del diálogo, sino que también proporcionan detalles sobre los sonidos incluidos en las series o películas. Puedes cambiar la fuente, el tamaño, la sombra y el color del fondo de los subtítulos y los subtítulos ocultos. Si tienes dudas o preguntas sobre los subtítulos ocultos en Netflix, ponte en contacto con nosotros.
Comandos de voz
Por medio de comandos de voz, Netflix te permite buscar y reproducir series y películas. Muchos controles remotos y asistentes que poseen activación por voz te permiten controlar Netflix únicamente con tu voz.
Aprende a compartir comentarios relacionados con la accesibilidad para obtener asistencia adicional o para darnos tu opinión sobre nuestras funciones e iniciativas de accesibilidad."
34,Cómo descargar títulos para ver offline,"Puedes ver series y películas offline cuando quieras, solo tienes que descargarlas de la app de Netflix. A continuación, puedes obtener más información sobre cómo buscar, descargar y ver series y películas descargadas.
Para descargar series o películas, deberás tener uno de estos dispositivos con la versión más reciente de la app de Netflix instalada:
Teléfono o tablet con Android
iPhone o iPad
Tablet Amazon Fire
Google Chromebook (con Google Play Store instalada)
NOTA:Algunas versiones más antiguas del sistema operativo de estos dispositivos podrían no admitir descargas. Asegúrate de que el dispositivo tenga instaladas las actualizaciones más recientes.
Buscar una serie o película
Busca cualquier serie o película y fíjate si aparece el ícono Descargas para comprobar si se puede descargar, o bien filtra por el contenido disponible para descargar.
NOTA:No todas las series y películas están disponibles para descargar. Para conocer los motivos, consulta este artículo para obtener más información.
Descargar una serie o película
Abre la app de Netflix.
Explora todas las series y películas disponibles para descargar:
Dispositivos iPhone, iPad, Android o Fire: toca Descargas > Ver qué puedes descargar.
Chromebook: haz clic en Descargas > Buscar más para descargar.
Selecciona una serie o película que quieras descargar en tu dispositivo.
En el caso de las películas, selecciona Descargar.
En el caso de las series, selecciona el botón para descargar situado junto al episodio que quieras descargar.
NOTA:Los dispositivos con Android y las tablets Fire también incluyen el botón Descargar temporada.
Para ahorrar datos, te recomendamos que te conectes a una red wifi para hacer la descarga.
Puedes tener hasta 100 descargas activas a la vez por dispositivo en la cantidad de dispositivos incluidos en tu plan de Netflix.
Si cancelas tu cuenta, se borrarán las descargas almacenadas en tu dispositivo. Si reinicias tu membresía, deberás volver a descargar el contenido.
Ver series y películas descargadas
Para acceder y ver las descargas offline, sigue estos pasos.
Abre la app de Netflix.
Selecciona Descargas.
Busca la descarga que deseas ver y selecciona Reproducir.
NOTA:Al usar un perfil de Niños, es posible que las series y películas descargadas que tengan clasificaciones por edad más altas no estén disponibles para ver offline.
Las series y películas descargadas están disponibles en el dispositivo en el que se las descargó y se pueden ver con cualquiera de tus perfiles de Netflix.
Las descargas vencen después de un plazo, y para ciertos contenidos descargables hay restricciones en cuanto a la cantidad de veces que se los puede descargar en un año. Cuando hayas visto los títulos descargados, elimínalos de tu dispositivo para liberar espacio.
Más información sobre las descargas
Cómo usar Autodescargas
Cómo usar ""Descargar episodio siguiente""
Cómo usar Descargas para ti
Cómo cambiar la calidad de video de una descarga
Cómo almacenar descargas en una tarjeta SD
Solucionar problemas comunes con las descargas
No se puede descargar una serie o película
¿Por qué una película o serie no está disponible para descargar?
El contenido que descargué muestra el mensaje ""Caducado""."
35,Cómo buscar y navegar en Netflix,"Para buscar series y películas, localiza el ícono Búsqueda en la app de Netflix e ingresa tu término de búsqueda.
NOTA:Para buscar películas y series por subtítulos e idiomas específicos, visita Explorar por idiomas en la web.
Buscar
Términos de búsqueda de ejemplo
Calidad de audio o video
Atmos, UHD
Géneros
Comedia, Drama
Idioma
Películas en español, series en francés
Nombres
Jennifer Aniston, Álvaro Morte
Título de la serie o película
Gambito de dama, La casa de papel
Navegación
La página de inicio muestra filas de series y películas que creemos que te encantarán. Puedes refinar estas sugerencias seleccionando Series o Películas en el menú. Puedes limitar aún más los criterios por Géneros o Categorías. El nombre de esta selección (y sus valores) podría variar entre dispositivos.
Para encontrar series y películas lanzadas recientemente, consulta Novedades populares, Más recientes o Nuevo y popular del menú (el nombre de la sección varía en función de tu dispositivo).
NOTA:Si no encuentras una serie o película que estabas buscando, verifica la clasificación por edad y las preferencias de idioma del perfil, ya que estas pueden afectar lo que ves. Si aún no encuentras lo que buscas, puedes sugerir series o películas."
36,Cómo ocultar títulos del historial de visualización,"Cuando ocultas títulos de tu historial de visualización:
No aparecerán en Netflix como una serie o película que viste.
Tampoco se utilizarán para ofrecerte recomendaciones, a menos que los vuelvas a ver.
Se quitarán de la fila Continuar viendo.
Para ocultar títulos de tu historial de visualización:
Desde un navegador web, accede a la página Cuenta.
Selecciona Perfiles y luego elige un perfil.
Abre la Actividad de visualización para ese perfil.
En la página Visualización, haz clic en el ícono para ocultar situado junto al episodio o título que deseas ocultar. Si ocultas un episodio, aparecerá la opción para ocultar toda la serie.
Para ocultar todo el historial de visualización, selecciona la opción Ocultar todo ubicada en la parte inferior de la página y confirma.
La eliminación de un título ocultado de todos tus dispositivos podría demorar hasta 24 horas en completarse. Los títulos no pueden ocultarse si se accede a la página Actividad de visualización desde un perfil de niños de Netflix.
Consulta la página de ayuda de Privacidad y seguridad para obtener información sobre más temas."
37,"Cómo quitar títulos de la fila ""Continuar viendo""","Puedes quitar series o películas de la fila Continuar viendo cuando ves contenido en los siguientes dispositivos:
Computadoras
Televisores
Dispositivos con Android con la versión más reciente de la app de Netflix
iPhone, iPad y iPod touch
Computadoras
Televisores
Dispositivos móviles
NOTA:La función de quitar títulos de la fila Continuar viendo solo está disponible en la versión más reciente de la app de Netflix. Para las versiones más antiguas de la app que no cuenten con esta función, puedes quitar títulos de tu Actividad de visualización, lo que también los quitará de Continuar viendo."
38,Controles parentales en Netflix,"Para elegir los tipos de series, películas y juegos que tus niños pueden ver o jugar en Netflix, puedes administrar sus perfiles de forma individual o crear un perfil con la experiencia de Netflix para niños.
NOTA:Juegos Netflix no se muestra en perfiles que usan la experiencia de Netflix para niños.
Comienza a utilizar los controles parentales:
Crear un perfil para niños
Establecer las clasificaciones por edad o bloquear títulos
Bloquear tu perfil u otros perfiles en tu cuenta
Solicitar un PIN para agregar un nuevo perfil
Activar o desactivar la reproducción automática de avances
Ajustar la configuración de reproducción automática para series
Acceder al historial de contenido visto de un perfil
Artículos relacionados:
Clasificaciones por edad para series y películas en Netflix
Clasificaciones por edad para juegos en Netflix
Administración del PIN de nivel de cuenta
Resolución de problemas
¿Por qué no puedo utilizar la experiencia de Netflix para niños?
No puedo cambiar los límites de clasificación por edad en la experiencia de Netflix para niños
No se me pide que ingrese un PIN de bloqueo de perfil"
39,Cómo agregar o quitar un PIN de perfil,"Para restringir el acceso a un perfil específico de tu cuenta, puedes protegerla mediante un PIN de bloqueo de perfil.. Si ya accediste a un perfil, y se te pide ingresar un PIN para ver una serie o película, busca más información sobre los PIN de nivel de cuenta.
Para agregar un PIN a un perfil específico:
NOTA:Ciertos dispositivos no pueden actualizarse para que sean compatibles con algunas funciones nuevas como el PIN de bloqueo de perfil. Las cuentas de miembro extra solo pueden tener un perfil y no pueden crear perfiles adicionales.
Teléfono o tablet con Android, iPhone o iPad
Abre la app de Netflix.
En el área inferior derecha, toca Mi Netflix.
En el área superior derecha, toca el ícono Menú.
Toca Administrar perfiles.
Selecciona el perfil que quieres editar.
Toca Bloqueo de perfil para agregar o editar un PIN.
Toca Crear un bloqueo de perfil e ingresa la contraseña de tu cuenta de Netflix para hacer cambios.
Ingresa 4 números para crear tu PIN de Bloqueo de perfil. Salvo que estés utilizando un dispositivo no admitido, tendrás que ingresar este PIN para abrir el perfil o reproducir los títulos que se hayan descargado desde allí.
Para deshabilitar el uso de PIN, toca Eliminar bloqueo de perfil.
Navegador web
En un navegador, ve a la página Cuenta.
Selecciona Perfiles y luego elige un perfil.
Selecciona Bloqueo de perfil.
Introduce la contraseña de tu cuenta de Netflix.
Selecciona la casilla Requerir un PIN para acceder correspondiente al perfil seleccionado.
Para deshabilitar el uso de PIN, desmarca la casilla.
Ingresa 4 números para crear tu PIN de Bloqueo de perfil. Salvo que estés utilizando un dispositivo no admitido, tendrás que ingresar este PIN para abrir el perfil o reproducir los títulos que se hayan descargado desde allí.
Si quieres que se exija ingresar un PIN cada vez que se agrega un nuevo perfil a tu cuenta, selecciona la casilla Requerir PIN para agregar nuevos perfiles.
NOTA:Requerir PIN para agregar nuevos perfiles solo se puede seleccionar mientras se edita la configuración de Bloqueo de perfil para el perfil principal de la cuenta.
Seleccionar Guardar.
Es probable que el dispositivo requiera una actualización para que la nueva configuración entre en efecto. Para actualizar:
Cambia a otro perfil y luego vuelve al perfil inicial.
También puedes cerrar sesión en tu dispositivo y volver a iniciarla.
Cómo recuperar un PIN de bloqueo de perfil
Si olvidas tu PIN de Bloqueo de perfil, toca o selecciona ¿Olvidaste tu PIN? Si estás viendo Netflix en tu TV, ingresa la dirección web que aparece en un navegador web.
Para ver o editar el PIN de Bloqueo de perfil que se creó para el perfil, ingresa la contraseña de tu cuenta de Netflix."
40,Cómo establecer las clasificaciones por edad o bloquear títulos,"Cuando configuras una clasificación por edad para un perfil, ese perfil mostrará solamente las series, las películas y los juegos que tengan esa clasificación o una inferior. También puedes bloquear series o películas específicas en perfiles individuales.
Cómo configurar las clasificaciones por edad de un perfil
Cómo bloquear o desbloquear una serie o película
NOTA:Es probable que debas actualizar tu dispositivo para que se aplique la configuración actualizada. Para actualizar:
Cambia a otro perfil y luego vuelve al perfil inicial.
O cierra sesión en tu dispositivo y luego inicia sesión nuevamente."
41,Cómo crear un perfil para niños,"Para administrar los tipos de series, películas y juegos que pueden ver o jugar los niños y los demás integrantes de tu cuenta de Netflix, puedes crear perfiles individuales con clasificaciones por edad personalizadas. Ten en cuenta que los perfiles se pueden agregar en dispositivos fabricados después de 2013.
Ve a la página Administrar perfiles utilizando uno de los dispositivos indicados a continuación:
TV o dispositivo de streaming: ve a la pantalla de selección de perfiles y luego elige Agregar perfil+.
Teléfono o tablet con Android, iPhoneoiPad: en el área inferior derecha de la app de Netflix, toca Mi Netflix, toca tu perfil y luego toca Administrar perfiles.
Navegador web: ve a la página Administrar perfiles.
Selecciona Agregar perfil.
Agrega un nombre al perfil. Para usar la experiencia de Netflix para niños, selecciona Para niños, Perfil de niños o ¿Niños? según el dispositivo.
Los perfiles para niños tienen un logotipo en el ícono del perfil para facilitar su identificación.
Selecciona Continuar. El perfil nuevo aparecerá en la lista de perfiles de tu cuenta.
Si no puedes crear un perfil desde tu dispositivo o utilizando el navegador en un dispositivo móvil, visita netflix.com desde una computadora y completa los pasos anteriores.
NOTA: El perfil principal de tu cuenta de Netflix no puede configurarse como un perfil de niños.
También puedes editar un perfil secundario actual utilizando estos dispositivos.
Teléfono o tablet con Android, iPhone o iPad
Abre la app de Netflix.
En el área inferior derecha, toca Mi Netflix, toca tu perfil y luego toca Administrar perfiles.
En el perfil que deseas modificar, toca el ícono Editar.
Toca Restricciones de visualización.
Toca Clasificación por edad.
Introduce la contraseña de tu cuenta de Netflix.
Toca Perfil de niños y luego toca el ícono Atrás.
Toca Reiniciar app.
Navegador web
En un navegador web, ve a la página Administrar perfiles y selecciona el perfil que deseas modificar.
En Configuración por edad, selecciona Editar.
Introduce la contraseña de tu cuenta de Netflix.
Selecciona Mostrar la experiencia de Netflix para niños con títulos infantiles.
Selecciona Guardar.
Si eliges una clasificación por edad que exceda el nivel permitido para la experiencia de Netflix para niños, no se aplicará esta experiencia al perfil.
La experiencia de Netflix para niños
Un perfil con una experiencia de Netflix para niños:
Tiene un logotipo en el ícono del perfil para facilitar su identificación.
Tiene una apariencia simplificada.
Quita el acceso directo a la configuración de la cuenta.
Solo reproduce series y películas cuidadosamente seleccionadas para niños.
No cuenta con Juegos Netflix.
NOTA:Es probable que el dispositivo requiera una actualización para que la nueva configuración entre en efecto. Para actualizar:
Cambia a otro perfil y luego vuelve al perfil inicial.
O cierra sesión en tu dispositivo y luego inicia sesión nuevamente."
42,Juegos móviles de Netflix,"Nuevos juegos
Sin anuncios. Sin costo adicional. Sin compras en la app.
Acceso ilimitado a más de 80 juegos móviles exclusivos.
Incluidos con tu membresía de Netflix.
Descarga en teléfonos y tablets con Android, iPhones y iPads.
Juegos móviles disponibles



Acerca de los juegos móviles de Netflix
Requisitos para jugar
Búsqueda y descarga de juegos móviles
Solución de problemas generales
Artículos relacionados
Para los juegos a los que puedes jugar en la TV y desde un navegador web, consulta Juegos en TV y en Netflix.com.
Lineamientos de la comunidad"
43,Cómo buscar e instalar Juegos Netflix,"Para jugar, en primer lugar, deberás instalar el juego en tu dispositivo. Necesitarás:
Un dispositivo compatible:
Un teléfono o una tablet con Android 8.0 o una versión posterior
iPhone con iOS 15 o una versión posterior
iPad con iPadOS 15 o una versión posterior
Una suscripción activa a Netflix
Una conexión a internet para descargar e instalar el juego
Suficiente espacio de almacenamiento en tu dispositivo
NOTA:Algunos Juegos Netflix tienen requisitos adicionales. Consulta el artículo de un juego en particular para obtener más información.
Teléfonos y tablets con Android
iPhone, iPad y iPod touch
¿No encuentras el juego que estás buscando? Consulta No puedo encontrar un juego de Netflix."
44,¿Qué es Netflix?,"Netflix es un servicio de streaming por suscripción que les permite a sus miembros ver series y películas en un dispositivo con conexión a internet.
En función del plan que tengas, también puedes descargar series y películas en tu teléfono o tablet con Android, iPhone, iPad o dispositivo con Google Chromebook, y verlas sin conexión a internet.
Si ya eres miembro y quieres saber más acerca de cómo usar Netflix, visita Cómo usar Netflix.
Series y películas
El contenido de Netflix varía según la región y también puede variar en el tiempo. Puedes ver una variedad de documentales, películas, series, contenido original de Netflix galardonado y mucho más.
Cuanto más contenido ves, mejor puede Netflix recomendarte series y películas.
Dispositivos compatibles
Puedes ver Netflix a través de cualquier dispositivo con conexión a internet compatible que cuente con la app de Netflix, incluidos Smart TV, consolas de juegos, reproductores multimedia, decodificadores, smartphones y tablets. También puedes ver Netflix en tu computadora, en un navegador de internet. Para lograr el mejor rendimiento, puedes revisar los requisitos del sistema para obtener información sobre los navegadores compatibles y, además, consultar nuestras recomendaciones sobre la velocidad de conexión a internet.
NOTA:Puede haber un pequeño porcentaje de dispositivos que no sean compatibles con todos los planes.
¿Necesitas ayuda para la configuración? Busca en nuestro Centro de ayuda el fabricante del dispositivo que estás utilizando.
NOTA:La app de Netflix puede venir preinstalada en ciertos dispositivos; en otros casos, será necesario que la descargues. La funcionalidad de la app de Netflix puede variar de un dispositivo a otro.
Planes y precios
Cada plan de Netflix determina la cantidad de dispositivos en los que puedes ver contenido de Netflix al mismo tiempo y si puedes ver en alta definición (HD), alta definición completa (FHD) o definición ultra alta (UHD).
Puedes cambiar de plan o cancelar el servicio online en cualquier momento.
Comenzar
Para comenzar a ver Netflix:
Visita netflix.com/signup.
Elige tu plan.
Crea una cuenta introduciendo tu email y una contraseña.
Ingresa una forma de pago.
Como miembro de Netflix, se te cobrará una vez por mes en la fecha de suscripción."
45,Cómo pagar Netflix,"Elige un plan que se ajuste a tus necesidades y a tu presupuesto. Como miembro de Netflix, se te cobrará una vez por mes en la fecha de suscripción.
Existen varias opciones para pagar Netflix.
Tarjetas de crédito y débito
Aceptamos las siguientes tarjetas, que deben estar habilitadas para transacciones de comercio electrónico recurrentes.
NOTA: Es posible que tengas que habilitar tu tarjeta para transacciones internacionales.
Visa
MasterCard
American Express
Cabal
Diners
Naranja
Realizamos el cobro en moneda local, pero las instituciones financieras podrían convertir la moneda de transacciones internacionales a dólares estadounidenses. Por este motivo, podrías ver cargos de Netflix en dólares estadounidenses, en lugar de tu moneda local.
Tarjetas virtuales
Aceptamos tarjetas virtuales en ciertos mercados. Si se rechaza tu tarjeta virtual, elige otra forma de pago.
Tarjetas prepagas
Aceptamos tarjetas prepagas con los siguientes logotipos.
Visa
MasterCard
American Express"
46,Cómo usar Netflix,"¡Te damos la bienvenida a Netflix! A continuación, encontrarás información para empezar a disfrutar de Netflix. Si no encuentras el tema que te interesa, búscalo en nuestro Centro de ayuda. Si aún no te suscribiste y quieres obtener más información, visita ¿Qué es Netflix?
Cómo iniciar sesión
Una vez que hayas abierto la app o el sitio web de Netflix, selecciona Iniciar sesión para acceder a tu cuenta y comenzar a ver series y películas. Puedes iniciar sesión en cualquier dispositivo que admita Netflix y en muchos dispositivos compatibles. Si experimentas problemas, consulta los pasos para la solución de problemas en No se puede iniciar sesión en Netflix. Si no tienes la app de Netflix, visita Cómo descargar la app de Netflix.
Creación de perfiles
Puedes crear perfiles para otras personas que vivan contigo. Así, ellos también podrán disfrutar de una experiencia de Netflix a su medida. Tu cuenta puede tener hasta cinco perfiles individuales, y tendrás la posibilidad de establecer el nivel de clasificación por edad de cada una. Cada perfil tendrá recomendaciones propias basadas en sus clasificaciones y preferencias individuales.
Búsqueda de series y películas
Puedes buscar los títulos que te interesan o explorar las sugerencias de Netflix. Una vez que comiences a ver y calificar contenido, Netflix te mostrará recomendaciones. También podrás activar subtítulos, subtítulos ocultos o pistas de audio alternativo en varios títulos o explorar contenido que tenga subtítulos o audio en el idioma que prefieras.
Administración de la cuenta
Puedes actualizar la información de tu cuenta en cualquier momento. Para cambiar tu email, número de teléfono o plan, selecciona la opción Cuenta del menú de Netflix. Con Perfil y controles parentales, también puedes configurar los controles de contenido, como preferencias de reproducción, idioma y subtítulos. Los artículos mencionados a continuación pueden ser de gran utilidad a la hora de configurar tu cuenta.
Membresía y facturación
Cómo actualizar la información de tu cuenta de Netflix
Preguntas sobre facturación y pagos
Cómo usar las tarjetas de regalo de Netflix
Detalles del plan
Cómo cambiar tu plan
Cómo cancelar Netflix
Cómo reiniciar tu cuenta de Netflix
Configuración
Controles parentales en Netflix
Cómo descargar títulos para ver offline
Mi perfil
Cómo ver y descargar el historial de visualización
Cómo cambiar la apariencia de los subtítulos y los subtítulos ocultos
Cómo controlar cuántos datos usa Netflix
Cómo ver en streaming en distintos dispositivos
Si tienes más de un dispositivo compatible con Netflix, puedes cambiar de dispositivo cuando lo desees. El plan al que te hayas suscrito determinará la cantidad de pantallas en la que puedes ver Netflix al mismo tiempo, pero no limita la cantidad de dispositivos que puedes asociar con tu cuenta. Para ver Netflix en un dispositivo distinto, inicia sesión en ese nuevo dispositivo. Puedes obtener más información sobre los dispositivos compatibles con Netflix o consultar nuestro artículo sobre la descarga de la aplicación de Netflix como ayuda para configurar un nuevo dispositivo.
Cómo ver títulos desde cualquier lugar
Puedes acceder a Netflix desde más de 190 países de todo el mundo. Si sabes que no vas a tener conexión a internet, puedes descargar series y películas en Netflix. Si vas a ver contenido en otra latitud o zona horaria, consulta qué puedes esperar en los viajes o las mudanzas."
47,Planes y precios,"Netflix ofrece varios planes para que elijas el más adecuado para tus necesidades.
Como miembro de Netflix, se te cobrará mensualmente en la fecha de suscripción. Las cuentas de Netflix están pensadas para personas que viven juntas en el mismo hogar. Obtén más información sobre cómo compartir Netflix.
Suscríbete a Netflix hoy y selecciona entre varias opciones de pago. Puedes cambiar el plan o cancelarlo fácilmente en cualquier momento.
Planes de Netflix
Características
Básico
Juegos móviles, series y películas; sin publicidad y sin límite
Puedes ver contenido en 1 dispositivo compatible a la vez
Reproducción en 720p (HD)
Puedes descargar contenido en 1 dispositivo compatible a la vez
Estándar
Juegos móviles, series y películas; sin publicidad y sin límite
Puedes ver contenido en 2 dispositivos compatibles a la vez
Reproducción en 1080p (Full HD)
Puedes descargar contenido en 2 dispositivos compatibles a la vez
Opción para agregar 1 miembro extra que no viva contigo
Premium
Juegos móviles, series y películas; sin publicidad y sin límite
Puedes ver contenido en 4 dispositivos compatibles a la vez
Reproducción en 4K (Ultra HD) + HDR
Puedes descargar contenido en 6 dispositivos compatibles a la vez
Opción para agregar hasta 2 miembros extras que no vivan contigo
Audio espacial de Netflix
Estos precios se aplican a los nuevos miembros y entrarán gradualmente en vigencia para todos los miembros actuales. Los miembros actuales recibirán una notificación por email 1 mes antes de que el precio de su plan cambie, a menos que cambien de plan.
Precio (pesos argentinos)
Básico: ARS 4299 al mes
Estándar: ARS 7199 al mes (se puede agregar cupos de miembro extra* por ARS 2499 al mes cada uno)
Premium: ARS 9699 al mes (se puede agregar cupos de miembro extra* por ARS 2499 al mes cada uno)
NOTA:*Los miembros extras tienen su propia cuenta y contraseña, pero la membresía la paga la persona que los invitó a compartir su cuenta de Netflix. Tu plan determina la cantidad de cupos de miembro extra que puedes agregar.
Según el lugar en el que vivas, es posible que se te cobren impuestos, además del precio de la suscripción."
48,Miembros extras,"Cada cuenta de Netflix está pensada para compartirse entre personas que viven juntas en el mismo hogar. Las personas que no forman parte de tu hogar deberán usar su propia cuenta para ver Netflix. Obtén más información sobre cómo compartir Netflix.
Los titulares de las cuentas pueden comprar un cupo de miembro extra e invitar a personas que no formen parte de su hogar a usar Netflix. Consulta Planes y precios para conocer los precios de los miembros extras.
El miembro extra tendrá su propio perfil y su propia cuenta y contraseña, pero la membresía la pagará la persona que lo invitó a unirse.
Beneficios y diferencias del miembro extra
Beneficios
Diferencias
Administración de una cuenta de miembro extra
Si necesitas ayuda para agregar o administrar una cuenta de miembro extra, sigue los pasos a continuación según quién esté usando la cuenta.
Titular de la cuenta
Miembro extra"
49,Navegadores admitidos por Netflix y requisitos del sistema,"Puedes crear una cuenta y ver Netflix con un navegador web en tu computadora, en un iPad o en un casco Meta Quest.
Navegadores admitidos
Chrome: Descarga o aprende cómo actualizar.
Edge: Descarga o aprende cómo actualizar.
Firefox: Descarga o aprende cómo actualizar.
Opera: Descarga o aprende cómo actualizar.
Safari: Descarga o aprende cómo actualizar.
Si no puedes suscribirte, iniciar sesión o ver Netflix usando un navegador web, es posible que debas actualizar tu computadora, dispositivo móvil o navegador para cumplir con los requisitos de sistema y de versión del navegador de Netflix indicados a continuación.
Requisitos del sistema y de la versión del navegador
Verifica el sistema operativo (SO) y las versiones de navegador necesarias para ver Netflix en un navegador.
Windows
Mac
Chromebook
iPad
Meta Quest
Linux"
50,Cómo descargar la app de Netflix,"Netflix está disponible en varios dispositivos. La app de Netflix puede venir preinstalada; en otros casos, será necesario que la descargues y la instales.
Obtén la app de Netflix en un teléfono o una tablet
Para instalar Netflix, selecciona el vínculo correspondiente a tu dispositivo desde tu smartphone o tablet y sigue las indicaciones.
iPhone o iPad de Apple
Teléfonos y tablets con Android
Teléfonos y tablets Samsung Galaxy
Tablets Amazon Fire
Tablets con Windows
Obtén la app de Netflix en una computadora
La app de Netflix está disponible para ciertas computadoras. Para instalar Netflix, selecciona el vínculo correspondiente a tu computadora.
Si tienes una computadora con Windows 10 o una versión posterior, puedes descargar la app de Netflix desde Microsoft Store.
En Chromebook, se puede descargar la app de Netflix desde Google Play Store. Para obtener ayuda con la instalación de apps, visita el sitio de soporte de Google.
Para ver Netflix sin la app, visita netflix.com con un navegador web compatible.
Obtén la app de Netflix en una TV o un dispositivo de streaming para TV
En la mayoría de los dispositivos, Netflix viene como app preinstalada, a la que puedes acceder desde el menú principal o desde un botón de Netflix del control remoto. Si no encuentras la app de Netflix en el menú principal o en el control remoto, es posible que el dispositivo tenga una tienda de aplicaciones desde la cual puedas descargar la aplicación de Netflix. Si no encuentras la App Store o ves que no figura Netflix, comunícate con el fabricante del dispositivo para que te informe cómo puedes acceder a Netflix."
51,Cómo usar Netflix en tu teléfono o tablet con Android,"Aprende a configurar y cerrar sesión en tu cuenta de Netflix en tu dispositivo Android.
Configuración de Netflix
Características de Netflix
Netflix en HD
Netflix en HDR
Cerrar sesión en Netflix





¿Tienes algún problema? Puedes resolver un problema en tu teléfono o tablet con Android."
52,Cómo ver Netflix en tu TV,"Para ver Netflix en tu TV, necesitas un dispositivo con la app de Netflix. La app de Netflix está disponible en muchos de los siguientes dispositivos:
Smart TV
Decodificadores
Reproductores de Blu-ray
Consolas de juegos
Si tienes una TV lista para Netflix, verás la app de Netflix en el menú principal o la pantalla de inicio. Si la TV tiene una App Store, busca Netflix para ver si la app está disponible.
NOTA:A veces, es necesaria una actualización del dispositivo para poder encontrar e instalar la aplicación de Netflix. Si no sabes cómo actualizar el software del sistema de tu TV, consulta el manual del usuario o comunícate con el fabricante.
Si la TV no tiene la app, puedes usar un reproductor multimedia o un dispositivo móvil para ver Netflix en la TV."
53,Cómo usar Netflix en tu iPhone o iPad,"Conoce las características de Netflix en iPhone o iPad, incluido cómo configurar y cerrar sesión en tu cuenta.
Configuración de Netflix
Características de Netflix
Cerrar sesión en Netflix"
