Category,Sub Section,Info,Link
Configurar Prime Video,Instalar Prime Video en tus dispositivos,"Con la app de Prime Video podrás ver Prime Video. La app de Prime Video está disponible en una amplia gama de televisores, dispositivos Amazon, dispositivos móviles, reproductores Blu-Ray, consolas de juegos y dispositivos multimedia de reproducción en streaming.Abre la tienda de aplicaciones de tu dispositivo para descargar e instalar la aplicación de Prime Video. Abre la aplicación de Prime Video. Registra el dispositivo. Para ello, selecciona Regístrate en el sitio web de Amazon. Se te proporcionará un código para que lo introduzcas en un sitio web determinado.
En algunos dispositivos se muestra un código QR para escanearlo con tu dispositivo móvil, o bien tienen la opción Identificarse y comenzar a ver el contenido con la información de tu cuenta de Amazon.",https://www.primevideo.com/help?nodeId=GQDJBTL3CFLLKPBV
Configurar Prime Video,Descargar títulos de Prime Video,"Para descargar títulos de Prime Video y verlos sin conexión, necesitas una tablet Fire o la app de Prime Video para iOS, Android, macOS o Windows 10. Para descargar títulos de Prime Video, abre la aplicación de Prime Video en tu dispositivo y busca el título que quieres descargar. En la app de Prime Video para Android y Windows 10, podrás seleccionar dónde guardar los títulos descargados. No recomendamos que se guarden las descargas en unidades conectadas por USB. Temas de ayuda relacionados",https://www.primevideo.com/help?nodeId=GMF637NHNEF9D8GT
Configurar Prime Video,Ver Prime Video en Chromecast,"Para utilizar Chromecast de Google, necesitas la versión más reciente de la aplicación de Prime Video para iOS o Android. Temas de ayuda relacionadosDesde la aplicación de Prime Video, selecciona el icono Enviar . Selecciona el dispositivo Chromecast que deseas utilizar.
Tu dispositivo iOS o Android debe estar conectado a la misma red wifi que tu Chromecast. Asegúrate de que el dispositivo Chromecast esté actualizado. Asegúrate también de que la aplicación de Prime Video y el dispositivo iOS o Android estén actualizados. Si tienes un dispositivo Android, asegúrate de que Google Play Services también esté actualizado. La app de Prime Video en la tablet Fire no se puede conectar al dispositivo Chromecast. Selecciona el título que desees ver. Este título aparecerá en la pantalla a la que esté conectado el dispositivo Chromecast.
En dispositivos iOS, si quieres cambiar la configuración de los subtítulos en Chromecast, debes detener el envío de contenido a ese dispositivo. A continuación, selecciona Configuración > Accesibilidad > Subtítulos > Estilo y elige un estilo para los subtítulos. En dispositivos Android, mientras se está enviando un título, toca el menú de tres puntos en la pantalla. Selecciona Estilos de subtítulos y activa la opción Mostrar subtítulos. También puedes seleccionar las opciones Tamaño y estilo de subtítulos en ese menú.",https://www.primevideo.com/help?nodeId=GLK7BRU8S9LCUV8K
Configurar Prime Video,¿Cómo envío contenido de Prime Video al televisor?,"Envía Prime Video a tu dispositivo siguiendo los siguientes pasos. Para enviar contenido a un Chromecast o Android TV: Para enviar contenido a un Fire TV: Para enviar contenido al Echo Show 15 Para enviar contenido a otros dispositivos: Temas de ayuda relacionadosEnciende el televisor. Asegúrate de que tanto tu televisor como tu teléfono estén conectados a la misma red wifi. Para enviar contenido desde tu dispositivo iOS, ve a Configuración > Prime Video y activa “Red local”. Pulsa en el icono “Transmitir”. Encontrarás el botón en la esquina superior derecha de la pantalla. Selecciona el dispositivo Chromecast. Cuando te conectes, verás que aparece la pantalla Listo para transmitir en tu televisor.Enciende el televisor. Asegúrate de que tanto tu televisor como tu teléfono estén conectados a la misma red wifi. Confirma que hayas iniciado sesión en el Fire TV y en la aplicación móvil con la misma cuenta de Amazon. Pulsa en el icono “Transmitir”. Encontrarás el botón en la esquina superior derecha de la pantalla. Selecciona tu dispositivo Fire TV. Cuando te conectes, verás que aparece la pantalla Listo para transmitir en tu televisor.Asegúrate de que tanto tu Echo Show 15 como tu teléfono estén conectados a la misma red wifi. Confirma que hayas iniciado sesión en el Echo Show 15 y en la aplicación móvil con la misma cuenta de Amazon. Pulsa en el icono “Transmitir”. Encontrarás el botón en la esquina superior derecha de la app de Prime Video en tu dispositivo móvil (Android e iOS). Selecciona tu dispositivo Echo Show 15. Cuando te conectes, verás que aparece la pantalla Listo para transmitir en tu Echo Show 15.",https://www.primevideo.com/help?nodeId=GDSGFYXXPCSAGVTH
Configurar Prime Video,Cambiar el idioma de Prime Video,"Utiliza el sitio web PrimeVideo.com y la aplicación móvil de Prime Video en el idioma que desees. El sitio web PrimeVideo.com y la interfaz de usuario de la aplicación de Prime Video están disponibles en varios idiomas. Sigue las instrucciones que aparecen a continuación para seleccionar la configuración de idioma que prefieras. En el sitio web de PrimeVideo.com: En las aplicaciones para dispositivos móviles de Prime Video: En Smart TV y todos los demás dispositivos compatibles:Ve a la página Cuenta y configuración. Haz clic en la pestaña Idioma. Selecciona el idioma que prefieras.Abre la aplicación de Prime Video. Ve a Mi espacio y pulsa el icono de engranaje. Pulsa en Idioma y selecciona el idioma que prefieras.Abre la aplicación de Prime Video. Accede a la opción de configuración de Prime Video. En Idioma, selecciona el idioma que prefieras.",https://www.primevideo.com/help?nodeId=G7HQ2NP8MAZNKM37
Configurar Prime Video,¿Está Prime Video incluido con Amazon Prime?,"Solo por ser miembro de Amazon Prime obtienes un catálogo de títulos de Prime. Prime Video se encuentra disponible en más de 200 países y territorios mediante una suscripción válida a Prime Video o a Amazon Prime. Las ofertas de suscripción varían según la región; por lo tanto, durante el proceso de suscripción a Prime Video, es probable que se te pida que selecciones tu país de residencia con el fin de determinar las opciones de suscripción que tienes a tu disposición. Las suscripciones a Amazon Prime que pueden tener Prime Video son:",https://www.primevideo.com/help?nodeId=GD5REBNJD74BURF6
Configurar Prime Video,Personalizar las recomendaciones de Mi Prime Video,Mejora tus recomendaciones de contenido con los botones de Pulgar hacia arriba y Pulgar hacia abajo.,https://www.primevideo.com/help?nodeId=Tgonhtd9758pRyTOIh
Configurar Prime Video,Cambiar la suscripción Prime Video al lanzarse Amazon Prime,"Si Amazon Prime está disponible en tu país de residencia, convierte tu suscripción a Prime Video en una suscripción a Amazon Prime para recibir envíos gratuitos y rápidos en pedidos elegibles, así como para obtener acceso ilimitado a Prime Video. Si cumple los requisitos, tu suscripción a Prime Video se actualizará automáticamente a una suscripción a Amazon Prime en la próxima fecha de facturación. Si tu suscripción a Prime Video no se ha actualizado a una suscripción a Amazon Prime, visita el sitio web local de Amazon o primevideo.com para iniciar un periodo de prueba gratis. A menos que te hayas suscrito a Prime Video a través de un proveedor externo, tu suscripción actual a Prime Video se cancelará después de actualizar a la suscripción a Amazon Prime.",https://www.primevideo.com/help?nodeId=GEXZ9DJXE7KF2E8V
Configurar Prime Video,¿Qué es Prime Video Mobile Edition?,"Prime Video Mobile Edition es un plan para un único dispositivo móvil que solo está disponible en determinados países a través de socios externos y en la India directamente desde Amazon. Los clientes con una suscripción a Prime Video Mobile Edition solo pueden reproducir contenido de Prime Video en definición estándar a través de la aplicación de Prime Video en Android o iOS. Para ver contenido en una selección más amplia de dispositivos, o en una definición más alta, hay que actualizar a una suscripción normal a Prime Video o a Amazon Prime (si está disponible). Los clientes de la India también pueden pasarse a una suscripción Prime Lite .",https://www.primevideo.com/help?nodeId=G46D9B5G2EAGM65W
Configurar Prime Video,Disfrutar de los beneficios de Prime Gaming,"Para obtener Prime Gaming se necesita una suscripción a Prime Video o Amazon Prime. Si vives en uno de los siguientes países, necesitas una suscripción a Amazon Prime para obtener los beneficios de Prime Gaming: Fuera de estos países, necesitas ser miembro de Prime Video para recibir los beneficios de Prime Gaming. Para vincular tus cuentas y activar los beneficios de Prime Gaming:",https://www.primevideo.com/help?nodeId=GG9X94MFPSJH65DS
Anuncios en Prime Video,¿Qué contenido incluye anuncios?,"Las películas y series de televisión de Prime Video incluyen anuncios limitados* que se ejecutan antes y durante la reproducción en los siguientes países: Esto nos permite seguir invirtiendo en contenido interesante y seguir aumentando esa inversión durante un largo periodo de tiempo, además de mantener la calidad y la cantidad de contenido en Prime Video. Nuestro objetivo es que haya menos anuncios que en el servicio de televisión lineal y otros proveedores de televisión en streaming. Puedes suscribirte a Prime Video sin anuncios** a través del sitio web de Prime Video. Consulta la sección Actualizar para continuar sin anuncios para obtener más información. * Todos los clientes de Prime disfrutan de una calidad de reproducción mejorada, que incluye UHD, HDR10 y HDR10+, si están disponibles. En los países donde la opción sin anuncios esté disponible, estas funciones de reproducción en streaming y capacidades de visualización en alta definición, así como en Dolby Vision y Dolby Atmos, también están disponibles en determinados títulos para los clientes de Prime Video sin anuncios. ** TV en directo, algunos programas gratuitos con anuncios y suscripciones add-on pueden incluir publicidad. Por el momento, los clientes de Puerto Rico, Islas Vírgenes de Estados Unidos, Guam, las Islas Marianas, Samoa Americana, la República de Irlanda, las Islas del Canal, la Isla de Man, Bélgica, los Países Bajos, Luxemburgo o Portugal no verán anuncios en su experiencia. Si necesitas más ayuda, contáctanos para que te pongamos en contacto con uno de nuestros agentes del servicio de atención al cliente.",https://www.primevideo.com/help?nodeId=TMwh2aig8aCv0WgwDL
Anuncios en Prime Video,Actualizar para continuar sin anuncios,"Puedes actualizar a Prime Video sin anuncios a través del sitio web de Prime Video. Las películas y series de Prime Video incluyen anuncios limitados. Puedes suscribirte a Prime Video sin anuncios a través del sitio web de Prime Video.* La suscripción a Prime incluye títulos Amazon Original exclusivos y miles de películas y series populares. En Estados Unidos, Canadá, Francia, Italia, España, México, Australia, Reino Unido, Alemania y Austria, el contenido ofrecido por Prime incluye anuncios limitados* que se muestran antes y durante la reproducción. Puedes suscribirte a Prime Video sin anuncios* a través del sitio web de Prime Video si ya se ha lanzado la opción sin anuncios en tu país. Puedes suscribirte a Prime Video sin anuncios en la app de Prime Video para Fire TV, Smart TV, consolas de videojuegos y decodificadores. Una vez que tu suscripción haya comenzado, los perfiles de tu cuenta dejarán de ver anuncios* cuando se reproduzcan en streaming películas y series de Prime bajo demanda. Algunos títulos incluyen tráileres promocionales que aparecen antes de una película o serie. Estos tráileres se pueden omitir, pero no se pueden eliminar con Prime Video sin anuncios. * TV en directo, algunos programas gratuitos con anuncios y suscripciones add-on pueden incluir publicidad. ** Por el momento, los clientes de Puerto Rico, Islas Vírgenes de Estados Unidos, Guam, las Islas Marianas, Samoa Americana, la República de Irlanda, las Islas del Canal, la Isla de Man, Bélgica, los Países Bajos, Luxemburgo o Portugal no verán anuncios en su experiencia. Si necesitas más ayuda, contáctanos para que te pongamos en contacto con uno de nuestros agentes del servicio de atención al cliente.",https://www.primevideo.com/help?nodeId=TD5EYJIUGQMY13QQdi
Anuncios en Prime Video,Cancelar la suscripción sin anuncios a Prime Video,"Puedes cancelar una suscripción sin anuncios a Prime Video a través del sitio web o de la app de Prime Video. Cancela tu suscripción sin anuncios a través del sitio web de Prime Video. Cancela la suscripción sin anuncios en la app de Prime Video para Fire TV, Smart TV, consolas de juego y decodificadores. Cancela la suscripción sin anuncios en la app de Prime Video para Android, iOS y tablets Fire Una vez que finalice el ciclo de facturación, empezarás a ver anuncios limitados al ver películas y series Prime. Si pagas la suscripción sin anuncios a través de Apple, cualquier cancelación de la suscripción debe realizarse al menos 24 horas antes de que se renueve la suscripción; de lo contrario, es posible que se te cobre. Si necesitas más ayuda, contáctanos para que te pongamos en contacto con uno de nuestros agentes del servicio de atención al cliente.",https://www.primevideo.com/help?nodeId=TgwZKZVnkveKeQdL0y
Anuncios en Prime Video,¿Por qué no puedo saltar los anuncios?,"La suscripción a Prime incluye títulos Amazon Original exclusivos y miles de películas y series populares. En Estados Unidos, Canadá, Francia, Italia, España, México, Australia, Reino Unido, Alemania y Austria, el contenido ofrecido por Prime incluye anuncios limitados que se muestran antes y durante la reproducción*. Puedes suscribirte a Prime Video sin anuncios para no ver anuncios. Consulta la sección Actualizar para continuar sin anuncios para obtener más información. * TV en directo, algunos programas gratuitos con anuncios y suscripciones add-on pueden incluir publicidad. Si necesitas más ayuda, contáctanos para que te pongamos en contacto con uno de nuestros agentes del servicio de atención al cliente.",https://www.primevideo.com/help?nodeId=TXtSPi1i6uXutSdyGr
Anuncios en Prime Video,¿Cómo puedo dar mi opinión sobre los anuncios?,"Si tienes comentarios acerca de los anuncios en Prime Video, puedes compartirlos con nosotros a través de nuestro formulario de comentarios. Para enviar comentarios relacionados con un anuncio, utiliza nuestro feedback form. Tus comentarios son importantes y nos ayudarán a mejorar Prime Video. Si tienes alguna pregunta, contáctanos para comunicarte con uno de nuestros agentes del Servicio de atención al cliente.",https://www.primevideo.com/help?nodeId=TkYaUyuhlvKhqA4caM
Cancelar,Cancelar mi suscripción a Prime Video,"Cancela tu suscripción en línea. Si tu suscripción se creó a través de un tercero, como un proveedor de servicios móviles, ponte en contacto con él para obtener más ayuda. Todas las suscripciones adicionales vinculadas a tu suscripción a Amazon Prime o Prime Video no se renovarán una vez que finalice tu suscripción a Amazon Prime.",https://www.primevideo.com/help?nodeId=GWGDSNXVPJ93UW5V
Cancelar,Cancelar la suscripción de Prime Video,"Cancela tu suscripción add-on de Prime Video en línea. La fecha final de la suscripción aparece en la pantalla de confirmación. Puedes revertir la cancelación hasta esa fecha. Después de la fecha de finalización, no se te cobrará ni tendrás acceso a contenido de esa suscripción. La cancelación de una suscripción no generará un reembolso por ningún cargo de suscripción anterior. Si pagas la suscripción add-on de Prime Video a través de Apple, cualquier cancelación de la suscripción debe realizarse al menos 24 horas antes de que se renueve la suscripción; de lo contrario, es posible que se te cobre. Necesitas una suscripción a Amazon Prime o Prime Video para acceder a las suscripciones add-on de Prime Video. Si cancelas la suscripción a Amazon Prime o Prime Video, las suscripciones add-on de Prime Video también se cancelarán. Nota: Los clientes de la India pueden seguir accediendo al contenido de sus suscripciones add-on de Prime Video a través de dispositivos elegibles después de la cancelación o el vencimiento de su suscripción a Amazon Prime. Sin embargo, las suscripciones add-on no se renovarán automáticamente y tendrás que comprar la suscripción a Amazon Prime antes de volver a contratar una suscripción add-on nueva.Ve a Cuenta y configuración y selecciona Comienza tus suscripciones en el menú superior. Busca la suscripción add-on de Prime Video que quieras cancelar. Selecciona Darme de baja y confirma la operación.",https://www.primevideo.com/help?nodeId=G3BQ95AL4WZLV9ZG
Cancelar,Cancelar un pedido hecho por error,"Puedes devolver un pedido de Prime Video si no has intentado verlo ni descargarlo. Para devolver un pedido de Prime Video realizado por error o no deseado:En el sitio web PrimeVideo.com, selecciona Mi espacio y, después, Títulos comprados y alquilados. Selecciona el título que has comprado o alquilado por error. A continuación, se cargará la página de detalles del título.
Cuando se cargue la página, no hagas clic en el botón Reproducir. Selecciona Cancelar mi pedido. Elige el motivo de la cancelación en el menú desplegable y, a continuación, haz clic en Cancelar esta compra.
Cuando la cancelación se haya completado, se emitirá un reembolso en el método de pago que utilizaste para hacer el pedido. El vídeo también se elimina de Títulos comprados y alquilados en Mi espacio como parte del proceso de reembolso.
Nota: Si has pagado a través de Apple, debes explorar la página del producto correspondiente en el sitio web o en la aplicación de Prime Video para ver las opciones de cancelación.",https://www.primevideo.com/help?nodeId=GAEJPJ8E5TY8TTNL
Cancelar,Cargos desconocidos en Prime Video,"Existen varios motivos por los que es posible que no reconozcas un cargo. Si no reconoces un cargo, comprueba si: Si ninguna de estas situaciones explica el cargo, ponte en contacto con nosotros y ten a mano la siguiente información:",https://www.primevideo.com/help?nodeId=GENY3HHV8GU34P3K
Restricciones y control parental,Control parental en Prime Video,El control parental de Prime Video te permite definir restricciones sobre el contenido de vídeo que se puede ver o comprar en tu cuenta. El control parental de Prime Video requiere que introduzcas el PIN de tu cuenta para omitir las restricciones de visionado o compra activadas en tu cuenta. Temas de ayuda relacionados,https://www.primevideo.com/help?nodeId=G26NRYUT8ATMMZRB
Restricciones y control parental,Configurar un PIN de Prime Video en Android y Android Automotive,Definir un PIN de cuenta de Prime Video te permite establecer restricciones en tu cuenta. Los siguientes dispositivos tienen su propia configuración de Control parental: Para configurar un PIN de Prime Video: Temas de ayuda relacionados,https://www.primevideo.com/help?nodeId=GLXEVNQYW2WHZ6JP
Restricciones y control parental,Configurar un PIN de Prime Video en iOS,Definir un PIN de cuenta de Prime Video te permite establecer restricciones para los perfiles en tu cuenta. Los siguientes dispositivos tienen su propia configuración de Control parental: Para definir un PIN de perfil / cuenta de Prime Video:,https://www.primevideo.com/help?nodeId=GW6A4BDCD47N99YU
Restricciones y control parental,Definir un PIN de cuenta de Prime Video en la web,"Con un PIN de cuenta de Prime Video se omiten las restricciones de compra y visualización de una cuenta. El titular de la cuenta de Prime Video puede establecer un PIN de cuenta para: Todos los perfiles se pueden bloquear con un PIN. Los PIN de perfil nunca se comparten con el titular de la cuenta, pero el titular de la cuenta puede invalidar todos los PIN de perfil con el PIN de la cuenta. Para definir un PIN de cuenta de Prime Video: Ve a la página Mis perfiles.Haz clic en Editar perfil y después en el perfil del titular de la cuenta. En la página Editar perfil, haz clic en el botón Gestionar situado junto a PIN de la cuenta y bloqueos. Si se te pide, introduce los detalles de tu cuenta de Amazon. En la página PIN de la cuenta y bloqueos, haz clic en el botón Crear situado junto al PIN de la cuenta de Prime Video. En la pantalla Crear PIN de cuenta, introduce un PIN y haz clic en Continuar.",https://www.primevideo.com/help?nodeId=G5VD9FKYCXW8RDK9
Restricciones y control parental,Configurar restricciones en Prime Video en dispositivos Android y Android Automotive,Las restricciones de Prime Video te permiten limitar la reproducción de contenido en dispositivos de Prime Video. Los siguientes dispositivos tienen su propia configuración de Control parental: Para configurar restricciones: Temas de ayuda relacionados,https://www.primevideo.com/help?nodeId=GH6TRJ4X2LYV5G93
Restricciones y control parental,Configurar restricciones en Prime Video en iOS,Las restricciones de Prime Video te permiten limitar la reproducción de contenido en tu cuenta y tus dispositivos de Prime Video. Los siguientes dispositivos tienen su propia configuración de Control parental: Para configurar restricciones: Temas de ayuda relacionados,https://www.primevideo.com/help?nodeId=G4ETTMQCHCGQPSJP
Restricciones y control parental,Configurar restricciones de Prime Video en la web,Las restricciones de Prime Video te permiten limitar la reproducción de contenido en dispositivos de Prime Video. Los siguientes dispositivos tienen su propia configuración de Control parental: Para configurar restricciones:,https://www.primevideo.com/help?nodeId=G7JSLWWBNGD4DSTU
Reclamación de contenido y cumplimiento,Notificar una reclamación de contenido en Australia,"Los clientes de Amazon Prime y de suscripciones add-on de Prime Video en Australia pueden presentar reclamaciones (si las hubiera) en relación con problemas como calificación por edad, descriptores de contenido, sinopsis de títulos o controles de acceso. Los clientes de Amazon Prime y de suscripciones add-on de Prime Video en Australia pueden presentar reclamaciones (si las hubiera) en relación con problemas como calificación por edad, descriptores de contenido, sinopsis de títulos o controles de acceso al contenido actualmente disponible en el servicio. Puedes enviar tu reclamación a la dirección de correo electrónico grievanceau@amazon.com. El servicio de asistencia para reclamaciones de contenido solo está disponible en inglés. La reclamación debe incluir: Aceptaremos la recepción de tu reclamación en un plazo de 24 horas y te proporcionaremos un número de referencia para realizar el seguimiento de la misma. Procesaremos tu reclamación y responderemos en consecuencia en un plazo de 15 días a partir de la fecha de recepción de la misma. Para reclamaciones de Prime Video no relacionadas con el cumplimiento de contenido, como cuentas, suscripciones, facturación, reembolsos, disponibilidad de títulos, solicitudes de funcionalidades, solución de problemas técnicos, incluidos problemas del dispositivo, calidad del vídeo, problemas de reproducción en streaming o de la app, etc., puedes ponerte en contacto con nuestro equipo especializado del Servicio de atención al cliente a través de la sección de la página de ayuda de Prime Video: www.primevideo.com/help. Nuestro equipo del Servicio de atención al cliente estará encantado de ayudarte. Para cualquier otro problema relacionado con Amazon, como pedidos minoristas, pagos, la cuenta, etc., puedes ponerte en contacto con nuestro equipo del Servicio de atención al cliente, que estará encantado de ayudarte: https://www.amazon.com.au/contact-us",https://www.primevideo.com/help?nodeId=GPY5ESA95LRQHNR6
Reclamación de contenido y cumplimiento,Notificar una reclamación de contenido en la India,"Los clientes de Amazon Prime Video, MGM+ y suscripciones add-on de Prime Video pueden presentar una reclamación de contenido en la India. Los clientes de Amazon Prime Video, MGM+ y suscripciones add-on de Prime Video en la India pueden presentar reclamaciones (si las hubiera) en relación con problemas como calificación por edad, descriptores de contenido, sinopsis de títulos o controles de acceso al contenido disponible actualmente en el servicio. El servicio de asistencia para reclamaciones de contenido solo está disponible en inglés. Envía los detalles de la reclamación en inglés. En caso de cualquier otro comentario relacionado con tu experiencia con Prime Video que no sea una reclamación de contenido, como problemas de reproducción en streaming o de la aplicación, solución de problemas técnicos, falta de disponibilidad de títulos, solicitudes de funciones, reembolsos o problemas de facturación o de suscripción, puedes contactar con nosotros a través de la sección de ayuda de Prime Video: www.primevideo.com/help. Detalles del representante de reclamaciones Nombre: Sr. Anshuman Mainkar Correo electrónico (Prime Video, MGM+): grievanceofficer-primevideo@amazon.com Correo electrónico (suscripciones add-on de Prime Video): grievance-primevideoaddonsubscriptions@amazon.com La reclamación debe incluir: Reconocimiento: Aceptaremos la recepción de tu reclamación en un plazo de 24 horas y te proporcionaremos un número de referencia para realizar el seguimiento de la misma. Respuesta: Procesaremos tu reclamación y responderemos adecuadamente en los plazos especificados en la ley aplicable.",https://www.primevideo.com/help?nodeId=GVXTMZP4JLZNRJ4A
Reclamación de contenido y cumplimiento,Calificaciones por edad,"Las calificaciones de edad combinan las calificaciones de películas y series en niveles, con los grupos de edad recomendados. Valores de calificación locales (todas las edades) (7+) (13+) (16+) (18+) (Películas) G PG PG-13 NC-17 NR Sin calificación R (TV) TV-G TV-Y7 TV-14 TV-MA TV-Y7-FV TV-Y TV-PG Valores de calificación locales (todas las edades) (7+) (13+) (16+) (18+) (TV y películas) Universal (U) Parental Guidance (PG) (12) (15) (18) Valores de calificación locales (todas las edades) (7+) (13+) (16+) (18+) (TV y películas) Sin límite de edad (0) Mayores de 6 años (6) Mayores de 12 años (12) Mayores de 16 años (16) Mayores de 18 años (18) Valores de calificación locales (todas las edades) (7+) (13+) (16+) (18+) (Películas) G PG-12 R15+ R18+ Valores de calificación locales (todas las edades) (7+) (13+) (16+) (18+) U U/A 7+ U/A 13+ U/A 16+ A (Películas) U UA A S Valores de calificación locales (todas las edades) (7+) (13+) (16+) (18+) G PG M R13 RP13 R15 16 R16 RP16 R R18 RP18 G PG M< 13 16 18 Valores de calificación locales (todas las edades) (7+) (13+) (16+) (18+) (Películas) U 12 16 18 NR Sin calificación (TV) 10 16 18 Sin calificación 12 NR Valores de calificación locales (todas las edades) (7+) (13+) (16+) (18+) (Películas) T VM14 VM18 NR Sin calificación (TV) T VM14 VM18 NR Sin calificación Valores de calificación locales (todas las edades) (7+) (13+) (16+) (18+) (TV y películas) APTA 7 12 16 18 Sin calificación NR Valores de calificación locales (todas las edades) (7+) (13+) (16+) (18+) (Películas) G PG 13+ 14A 18A NR 16+ Sin calificación (Películas) G 13+ 16+ 18+ NR Sin calificación (Películas) C G CB 14+ 18+ NR PG Sin calificación Valores de calificación locales (todas las edades) (7+) (13+) (16+) (18+) (TV y películas) AA A B B-15 C Sin calificación NR Valores de calificación locales (todas las edades) (7+) (13+) (16+) (18+) (21+) (TV y películas) G PG PG-13 NC-16 M18 R21* * - Los clientes deben verificar su edad e introducir el PIN de la cuenta de Prime Video para ver estos títulos. Valores de calificación locales (todas las edades) (7+) (13+) (16+) (18+) (TV y películas) G PG M MA 15+ R 18+ X 18+ Valores de calificación locales (todas las edades) (7+) (13+) (16+) (18+) (TV y películas) L 10 12 16 18 14 (TV y películas) AL A10 A12 A16 A18 A14 Valores de calificación locales (todas las edades) (7+) (13+) (16+) (18+) A PG 13 16 18 7-9 PG 10-12 PG X18 XX Valores de calificación locales (todas las edades) (7+) (13+) (16+) (18+) G PG PG-13 15+ 18+ PG-15 21+",https://www.primevideo.com/help?nodeId=GFGQU3WYEG6FSJFJ
"Problemas con alquileres, compras y pagos",Alquilar y comprar títulos de Prime Video,Puedes comprar contenido adicional para verlo en Prime Video. Algunos títulos de Prime Video se pueden alquilar o comprar a través del sitio web de Prime Video y a través de la app de Prime Video en dispositivos compatibles. Temas de ayuda relacionados,https://www.primevideo.com/help?nodeId=G4HUP5EWXFZDHGFC
"Problemas con alquileres, compras y pagos",Pagar alquileres o compras de Prime Video,"El contenido adicional de Prime Video se paga mediante el método de pago 1-Clic. Actualmente, los alquileres y compras de PrimeVideo.com solo están disponibles para clientes residentes en Francia, Italia, España, Suecia, Bélgica, Polonia, Portugal, Finlandia, República de Irlanda, Chile, Colombia, Australia, México, Países Bajos, Nueva Zelanda India (solo alquiler), Brasil y Canadá. Los pagos se realizan con el método de pago que hayas especificado para las compras digitales. Puedes verlo y gestionarlo en Cuenta y configuración.",https://www.primevideo.com/help?nodeId=GC4XWK2TRW9945XP
"Problemas con alquileres, compras y pagos",¿Qué puedo ver en Prime Video?,"Prime Video te ofrece varias formas de ver películas y series. La diferencia principal es que el contenido que se incluye con Prime está cubierto por la suscripción a Prime Video, mientras que las compras, los alquileres, las suscripciones add-on de Prime Video y el pay-per-view (si está disponible) ofrecen contenido ampliado con pagos adicionales.",https://www.primevideo.com/help?nodeId=TLKV1OADtdHSPuczvv
"Problemas con alquileres, compras y pagos",Pagar suscripciones a Prime Video en moneda local,"Información acerca del cambio en las opciones de suscripción a Prime Video Los clientes que viven en determinados países ahora pueden pagar su suscripción a Prime Video en su moneda local, en lugar de en dólares o euros, sin dejar de acceder al mismo contenido que siempre en los mismos dispositivos. Aceptamos tarjetas de débito y crédito Mastercard y Visa en cualquier parte del mundo, sea cual sea la divisa. También aceptamos las siguientes tarjetas para pagar en moneda local: American Express (crédito): Argentina, Bélgica, Chile, Colombia, Costa Rica, Dinamarca, Finlandia, Guatemala, Hungría, Noruega, Paraguay, Perú, República Checa, República Dominicana, Rumanía, Sudáfrica, Suecia y Suiza. Diners Club (crédito): Argentina, Chile, Colombia, Paraguay, Perú. Naranja (crédito): Argentina, Chile, Colombia. Verve (crédito y débito): Nigeria. Los pagos realizados mediante una cartera digital se hacen en tu moneda local. Los clientes de México ya pueden pagar sus suscripciones a Amazon Prime con una tarjeta regalo de Amazon. Puedes actualizar tu suscripción en la página Cuenta y configuración.",https://www.primevideo.com/help?nodeId=G8P3YMHU34R3XX4N
"Problemas con alquileres, compras y pagos",Pago con iDEAL,"Los clientes que tengan una cuenta bancaria con un banco holandés pueden pagar con iDEAL. Durante la tramitación del pedido, elige iDEAL como método de pago y selecciona el banco en el menú desplegable. Completa el pedido seleccionando Comprar ahora. A continuación, se te redirigirá al portal en línea de tu banco, donde podrás iniciar sesión con tus datos de identificación bancaria en línea para completar el pago. Todos los detalles de la transacción se rellenarán y solo tendrás que confirmar el pago. Una vez que el pago se haya completado correctamente, se te redirigirá a Amazon y recibirás una confirmación del pedido por correo electrónico.",https://www.primevideo.com/help?nodeId=GLY27U8JESAGR2D2
"Problemas con alquileres, compras y pagos",Pago con carteras digitales,"Los clientes que vivan en determinados países ahora pueden optar por pagar su suscripción a Prime Video en su moneda local con carteras digitales. Al registrarte, haz clic en Añadir una cartera digital y selecciona tu cartera digital en el menú desplegable. Completa el proceso de registro seleccionando Verificar compra. A continuación, se te redirigirá al portal en línea de tu banco, donde podrás iniciar sesión con tus datos de identificación bancaria en línea para completar el pago. Una vez que el pago se haya completado correctamente, se te redirigirá a Prime Video, desde donde podrás ver el contenido.",https://www.primevideo.com/help?nodeId=TvKthpROqT1fIXRM38
"Problemas con alquileres, compras y pagos",Métodos de pago aceptados en Prime Video,"Puedes usar diferentes métodos de pago para pagar las suscripciones y compras de Prime Video. Los clientes de Prime Video pueden pagar su suscripción a Amazon Prime, su suscripción a Prime Video, sus suscripciones add-on de Prime Video y los alquileres y compras de Prime Video con los siguientes métodos de pago. Para suscripciones a Amazon Prime: Para suscripciones a Prime Video o suscripciones add-on de Prime Video: Para compras y alquileres de Prime Video: Los métodos de compra disponibles se muestran al tramitar el pedido; sin embargo, los clientes deben tener configurada la tarjeta que desean utilizar en su Cartera Amazon. Ten en cuenta que todas las tarjetas de crédito o débito deben estar registradas en una dirección que coincida con el sitio web del cliente para poder pagar las compras y alquileres de Prime Video. Para obtener más información, consulta las Condiciones de uso de Prime Video.",https://www.primevideo.com/help?nodeId=TtmpPpt4SHTjHQsAEX
"Problemas con alquileres, compras y pagos",Utilizar Pagar con efectivo en México,"Los clientes en México ahora pueden pagar las suscripciones a Amazon Prime y las suscripciones add-on de Prime Video en efectivo y con Mastercard, Visa y tarjetas regalo de Amazon. Pagar con efectivo aparecerá como opción de pago disponible en México. Después de realizar un pedido de suscripción a Prime o a suscripciones add-on de Prime Video, los clientes que elijan “Pagar con efectivo” recibirán un código de barras único en su correo electrónico de confirmación del pedido. Los clientes deberán presentar este código de barras en una sucursal participante de OXXO, 7-Eleven, Farmacias del Ahorro, Circle K, Extra, Waldos y Kiosk para completar el pago en un plazo de 72 horas después de realizar el pedido.",https://www.primevideo.com/help?nodeId=TxH4oGFHsfoWd6yF3Y
"Problemas con alquileres, compras y pagos",Problemas con el acceso a compras y alquileres de Prime Video anteriores,"Cuando compras o alquilas películas en Prime Video, están disponibles a través de PrimeVideo.com y de la aplicación de Prime Video en Títulos comprados y alquilados. Ten en cuenta que, si cambias la dirección de facturación a otro país o te suscribes a Amazon Prime en otro país, es posible que en algunos casos ya no puedas acceder a las compras y alquileres anteriores. Ponte en contacto con el servicio de atención al cliente si te has mudado de país y has perdido el acceso al contenido comprado.",https://www.primevideo.com/help?nodeId=GFNXCGM49KTCZGAQ
"Problemas con alquileres, compras y pagos",¿Por qué tengo que pagar algunos títulos de Prime Video?,"Además de los títulos incluidos con Prime, puedes alquilar o comprar una amplia selección de series y películas. La tienda de Prime Video te permite alquilar y comprar series y películas de un amplio catálogo de títulos que puede que no estén disponibles como parte de tu suscripción, incluidos nuevos lanzamientos de películas poco después de su estreno en salas. Una vez que compras un título, siempre tendrás acceso instantáneo a él en Mi espacio. Para obtener más información, consulta Alquilar y comprar títulos de Prime Video. A veces, las series o películas que se incluyen con Prime podrían requerir su compra debido a cambios realizados por los propietarios del contenido. A menos que tengamos los derechos del contenido, no podremos controlar si una serie o película requiere su compra ni cuándo ocurre. Las compras que realices en la tienda de Prime Video y que no estén incluidas en Prime se cargan automáticamente en el método de pago especificado para las compras digitales. Puedes actualizarlo en Actualizar método de pago. Tan pronto como realices el pedido, podrás ver las compras en Títulos comprados y alquilados en Mi espacio. Temas de ayuda relacionados",https://www.primevideo.com/help?nodeId=GDRZS7U3CX3Z3RN5
"Problemas con alquileres, compras y pagos",Problemas con los errores de pago y pedidos de Prime Video,"Qué hacer si tienes problemas con pedidos de Prime Video o si ves códigos de error como 2016, 2021, 2023, 2026, 2027, 2028, 2029, 2040, 2041, 2043, 2044, 2047, 2048, 2063 o 7035. Es posible que se te pida en el sitio web de Prime Video y en las aplicaciones de Prime Video que verifiques tu tarjeta con tu banco. Este mensaje puede aparecer: Las suscripciones a Prime Video ya existentes también pueden requerir una verificación. La información se mostrará en el sitio web de Prime Video y en las apps de Prime Video si es necesario realizar esta verificación.",https://www.primevideo.com/help?nodeId=GSUW4Y2CS69S8ZYD
Resolución de problemas con eventos en directo,UEFA Champions League - Soporte para Irlanda,No info,https://www.amazon.co.uk/b?node=100568723031
Resolución de problemas con eventos en directo,Problemas con reproducciones en streaming en directo en Prime Video,"Qué hacer si tienes problemas para ver reproducciones en streaming o eventos en directo en Prime Video. Si tienes problemas para ver reproducciones en streaming o eventos en directo en Prime Video, asegúrate de que estés utilizando un dispositivo compatible y de que dispongas de una velocidad de descarga suficiente. Prime Video recomienda una velocidad de descarga mínima de 1 MB/s para contenido SD y de 5 MB/s para contenido HD. Prime Video ofrece la mejor calidad de reproducción en streaming posible en función de la velocidad de ancho de banda disponible. Temas de ayuda relacionados",https://www.primevideo.com/help?nodeId=GP57SKQ7CB5DRS6F
Resolución de problemas con eventos en directo,Ayuda para ver el críquet en Australia,No info,https://www.amazon.com.au/b?node=24310695051
Resolución de problemas con eventos en directo,Ayuda para ver la UEFA Champions League,No info,https://www.amazon.it/b?node=22974463031
Resolución de problemas con eventos en directo,Asistencia para la National Basketball Association (NBA) (Brasil),No info,https://www.amazon.com.br/nbaajuda
Resolución de problemas con eventos en directo,Asistencia para ONE Championship,"Esto es lo que debes hacer si tienes problemas para ver la cobertura en directo de la ONE Championship en Prime Video. 1) ¿Tengo que pagar más para ver la ONE Fight Night en eventos de Prime Video? Los clientes de Prime de los Estados Unidos y Canadá pueden ver la ONE Fight Night en Prime Video sin tarifas adicionales. Si no eres un cliente de Amazon Prime, puedes empezar un periodo de prueba de 30 días gratis de Prime si visitas www.amazon.ca/prime. 2) ¿Dónde puedo ver ONE Fight Night en eventos de Prime Video? Los clientes de Prime de los Estados Unidos y Canadá pueden ver la ONE Fight Night en eventos de Prime Video. Los territorios y mancomunidades de EE. UU. que se incluyen son Puerto Rico, Guam, Islas Vírgenes de EE. UU., Islas Marianas del Norte, Samoa Americana y las Islas periféricas menores de EE. UU. El resto de las ubicaciones internacionales no están incluidas. 3) ¿Cómo puedo ver la ONE Fight Night en eventos de Prime Video en Prime Video? Si estás en Estados Unidos y Canadá, ve a la app de Prime Video en tu dispositivo y verás los eventos que aparecen en “Eventos en directo y próximos”. También puedes ir a la página de inicio de Amazon y hacer clic en Prime Video, donde verás un enlace a “Eventos en directo y próximos”. 4) ¿En qué fechas y horarios tendrá lugar la ONE Fight Night en eventos de Prime Video? A partir de agosto de 2022, Prime Video reproducirá al menos un evento en directo al mes de la ONE Fight Night en eventos de Prime Video. Para consultar el calendario y los horarios de los eventos más recientes, ve a: www.amazon.com/onechampionship o www.amazon.com/b?node=24051829011. Las fechas y los horarios están sujetos a cambios. 5) ¿Puedo ver eventos mientras viajo? Los clientes de Amazon Prime de los Estados Unidos y Canadá pueden ver la ONE Fight Night en Prime Video en EE. UU. y Canadá. Los territorios y mancomunidades de EE. UU. que se incluyen son Puerto Rico, Guam, Islas Vírgenes de EE. UU., Islas Marianas del Norte, Samoa Americana y las Islas periféricas menores de EE. UU. El resto de las ubicaciones internacionales no están incluidas. 6) ¿Cómo puedo ponerme al día con los eventos que me he perdido? Las repeticiones estarán disponibles poco después de que finalice cada evento. 7) ¿Puedo ver eventos en cualquier dispositivo? Para obtener instrucciones generales, consulta el centro de ayuda. Los eventos en directo se admiten en dispositivos Amazon, como Fire TV y tablets Fire, en navegadores web y en más de 650 dispositivos conectados a través de la app de Prime Video, como consolas de juego compatibles (PS3, PS4, Xbox One), decodificadores y reproductores multimedia (por ejemplo, Google Chromecast, Virgin TV, Roku y Apple TV), Smart TV, reproductores Blu-ray, tablets y teléfonos móviles con iOS o Android. Todos los eventos de la ONE en Prime Video están disponibles en HD. 8) ¿Puedo retroceder, pausar y avanzar rápidamente en mi dispositivo? Las opciones de retroceder, pausar y avanzar rápidamente están disponibles en dispositivos móviles Android/iOS, navegadores web (Chrome, Firefox y Edge), Fire TV, Apple TV (3.ª generación y posteriores) y algunos Smart TV. Ten en cuenta que estas funciones no se admiten en todos los dispositivos. 9) ¿Cómo puedo activar o desactivar los subtítulos? Para activar o desactivar los subtítulos, selecciona el icono “CC” en los controles de reproducción. En algunos dispositivos, el icono Subtítulos aparece como un cuadro de diálogo o puede aparecer como una opción de menú en Subtítulos en la página de detalles del vídeo. 10) ¿Cómo puedo ver eventos anteriores de la ONE Fight Night? Para ver eventos de Prime Video previos de la ONE Fight Night en EE. UU. y Canadá, puedes visitar la página de la colección ONE Championship. En el caso de las regiones fuera de los Estados Unidos y Canadá, consulta los listings locales. Los momentos destacados de todos los eventos de la NE Championship se pueden ver en las cuentas de las redes sociales de la ONE. 11) ¿Qué es la ONE Championship? La ONE Championship es la organización de artes marciales más grande del mundo, que ofrece una acción apasionante en artes marciales mixtas (MMA), Muay Thai, kickboxing y el agarre. 12) ¿Cómo funcionan las clasificaciones de peso en la ONE Championship? Cada arte marcial o MMA, Muay Thai, kickboxing y agarre presenta a atletas que compiten con oponentes de la misma clasificación de peso. Peso atómico: 52 kg (115 lb.), Peso paja: 56,7 kg (125 lb.), Peso mosca: 61,2 kg, (135 lb.), Peso gallo: 65,8 kg (145 lb.), Peso pluma: 70,3 kg (155 lb.), Peso ligero: 77,1 kg (170 lb.), Peso wélter: 83,9 kg (185 lb.), Peso medio: 93 kg (205 lb.), Peso semipesado: 102,1 kg (225 lb.), Peso pesado: 120,2 kg (265 lb.) 13) ¿Los atletas pueden competir en más de un deporte de combate o en más de una clasificación de peso? La ONE Championship permite competir en varias disciplinas de artes marciales si se determina que tienen el nivel de habilidad competitivo para hacerlo. Asimismo, pueden competir en varias clasificaciones de peso si se determina que tienen la salud y la condición física para hacerlo. 14) ¿Cómo funcionan las clasificaciones de atletas en la ONE Championship? La ONE Championship tiene clasificaciones de los 5 mejores competidores para 13 de sus divisiones de atletas: 6 en MMA, 4 en Muay Thai y 3 en kickboxing, que se actualizan poco después de cada evento. Estas clasificaciones las determinan un grupo de miembros de medios de comunicación deportivos y expertos de la industria que son objeto de encuestas anónimas. Las clasificaciones se pueden ver en el sitio web oficial de la ONE Championship. 15) ¿Cuánto duran los combates en la ONE Championship? Cada combate de MMA se llevará a cabo en tres rondas, cada una de cinco minutos, con una pausa de un minuto entre ellas. Cada combate de Muay Thai y kickboxing tendrá lugar en tres rondas, cada una de tres minutos, con una pausa de un minuto entre ellas. Los combates internacionales en MMA, Muay Thai y kickboxing se realizarán en cinco rondas, cada una de cinco minutos, con una pausa de un minuto entre ellas. Todos los combates de agarre se realizarán en una ronda de 10 minutos. 16) ¿Cuáles son las formas de ganar combates en la ONE Championship? Se puede alcanzar la victoria en MMA por knockout, sumisión, knockout técnico, sumisión técnica, interrupción de un árbitro/médico/parada en la esquina, solicitud de interrupción por parte del atleta o decisión de los jueces. Se puede alcanzar la victoria en Muay Thai o kickboxing por knockout, knockout técnico, solicitud de interrupción por parte del atleta o decisión de los jueces. Se puede alcanzar la victoria en los combates de agarre mediante la sumisión, la interrupción por parte del árbitro o de una parada en la esquina, la solicitud de detención por parte del atleta o la decisión de los jueces. 17) ¿Cómo puntúa la ONE Championship los combates que concluyen por una decisión? Tres jueces calificarán el combate en su totalidad, no ronda por ronda. Los jueces utilizarán los criterios de fallo de la ONE en orden descendente de importancia para determinar el ganador del combate. Los criterios completos se pueden ver en el sitio web oficial de la ONE Championship. 18) ¿Cómo puedo obtener más información sobre la ONE Championship? Para obtener más información, visita el sitio web oficial de la ONE Championship o sus cuentas de redes sociales oficiales en Facebook, Instagram, YouTube, Twitter, TikTok o Snapchat. 19) ¿Qué otra información está disponible? Visita nuestras páginas de ayuda o, si necesitas más ayuda, contáctanos.",https://www.primevideo.com/help?nodeId=GHYMDXV4BLDZCR46
Resolución de problemas con eventos en directo,Asistencia para el US Open,"Esto es lo que debes hacer si tienes problemas para ver la cobertura en directo del US Open en Prime Video. 1) ¿Tengo que pagar más para ver el US Open en Prime Video? Los clientes de Prime del Reino Unido e Irlanda pueden ver el US Open en Prime Video sin ningún coste adicional. Los clientes que no sean de Prime pueden iniciar un periodo de prueba de 30 días gratis de Prime (8,99 £ al mes o 95 £ al año) o de la suscripción a Prime Video (5,99 £ al mes). Para obtener más información, visita www.amazon.co.uk/primevideo. 2) ¿Cuándo comenzará la cobertura del US Open 2022 en Prime Video? Los clientes de Prime del Reino Unido e Irlanda pueden ver la siguiente cobertura: 3) ¿Qué partidos de clasificación retransmitirá Prime Video? Prime Video retransmitirá todas las pistas televisadas durante los cuatro días del torneo, con comentarios en inglés proporcionados en la pista principal del día. 4) ¿Qué retransmitirá Prime Video durante el torneo del cuadro principal? Nuestra cobertura retransmitirá todas las pistas televisadas durante todo el torneo. 5) ¿Todos los partidos del cuadro principal (del 29 de agosto al 11 de septiembre) tendrán comentarios? Prime Video ofrecerá comentarios en inglés hasta en cinco pistas: Arthur Ashe Stadium, Louis Armstrong Stadium, la pista n.º 17 y, en la primera semana, dos pistas adicionales. En la sección Cobertura y momentos destacados siempre se incluirán comentarios. 6) ¿Puedo escuchar el sonido ambiental de la pista sin comentarios? Prime Video tendrá una sola opción de audio, por lo que todos los partidos tendrán comentarios de forma predeterminada. 7) ¿Puedo reproducir en streaming el US Open en Twitch? La cobertura del US Open de Prime Video no estará disponible en Twitch. 8) ¿Cómo puedo ponerme al día con los partidos que me he perdido? Todos los partidos que se retransmitan estarán disponibles a la carta como máximo 15 minutos después de que finalice el partido. Los momentos destacados diarios estarán disponibles la mañana siguiente a las 10:00, donde se cubrirán los mejores momentos tanto de las sesiones de día como de las de noche. Puedes acceder a los momentos destacados a través de la página específica de momentos destacados del torneo US Open. 9) ¿Dónde puedo ver la cobertura de tenis de estudio en directo de Prime Video? Selecciona Cobertura y momentos destacados, que cubre los mejores partidos del día y ofrece siempre comentarios y análisis de los presentadores, si están disponibles. 10) ¿Cómo puedo comprobar quién está jugando y a qué hora comienza un partido? Todas las páginas de detalles de los próximos partidos estarán disponibles hasta ocho horas antes de que empiecen. Puedes acceder a las páginas de los partidos a través de la página de inicio de Prime Video, página de deportes de Prime Video, y la página del torneo US Open. 11) Me aparece un error de ubicación al intentar ver el vídeo. El US Open está disponible para los clientes residentes en el Reino Unido e Irlanda. No tenemos los derechos de retransmisión para otros territorios. Los clientes de Irlanda podrán acceder a la reproducción si se encuentran dentro de la Unión Europea. El resto de las ubicaciones internacionales no están incluidas. Prime Video no admite la reproducción en streaming de contenido a través de redes privadas virtuales (VPN) ni conexiones por proxy. Para ver Prime Video, desactiva estos servicios en el dispositivo o intenta cambiar a otra conexión disponible. 12) Estoy en Irlanda, pero sigo sin poder acceder a la cobertura de tenis. ¿Qué puedo hacer? Si intentas acceder al US Open a través del navegador web en Irlanda, tendrás que ir a PrimeVideo.com. Si sigues teniendo problemas, contacta con nosotros. Para ello, haz clic en el botón Empezar a chatear o Llamadme, en la parte inferior de esta página. 13 ¿Puedo ver los partidos del US Open mientras estoy de viaje? Los clientes de Prime que residen en Irlanda podrán ver partidos en directo, repeticiones y momentos destacados de los partidos de tenis mientras viajan dentro de la Unión Europea. El resto de las ubicaciones internacionales no están incluidas. 14) ¿Qué otra información está disponible? Visita nuestras páginas de ayuda aquí , u obtén ayuda de otros aficionados a través de los foros de clientes de Amazon. ¿Tienes más preguntas? Contacta con nosotros.",https://www.primevideo.com/help?nodeId=GYK7X6G88F5H6R6D
Resolución de problemas con eventos en directo,Ayuda para ver el Abierto de Francia - Roland-Garros,No info,https://www.amazon.fr/rolandgarros
Resolución de problemas con eventos en directo,Ayuda para ver la Copa do Brasil,No info,https://www.amazon.com.br/b?node=23642864011
Resolución de problemas con eventos en directo,Ayuda para ver el críquet de Nueva Zelanda,No info,https://www.amazon.in/b?node=27358517031
Problemas con la reproducción y ayuda,Problemas durante la reproducción de títulos de Prime Video,"Qué hacer cuando los títulos de Prime Video no se reproducen o si ves códigos de error como 1007, 1022, 5001, 7003, 7005, 7031, 7135, 7202, 7203, 7204, 7206, 7207, 7230, 7250, 7251, 7301, 7303, 7305, 7306, 8020, 9003 o 9074. Para obtener actualizaciones en el navegador web Chrome, introduce chrome://settings/help en la barra de direcciones. Esto iniciará una comprobación automática de actualizaciones. También puedes hacer clic en el icono de menú, seleccionar Ayuda y luego hacer clic en Acerca de Google Chrome para comprobar si hay actualizaciones. Para obtener actualizaciones en el navegador web Firefox, haz clic en el icono de menú, selecciona Ayuda y luego haz clic en Acerca de Firefox para iniciar una comprobación de actualizaciones. Temas de ayuda relacionados",https://www.primevideo.com/help?nodeId=GU85HKX66NVFNQ9Y
Problemas con la reproducción y ayuda,Problemas al identificarse o cerrar sesión en Prime Video,Qué hacer si no puedes iniciar sesión o cerrar sesión en Prime Video o si ves códigos de error como 5005.,https://www.primevideo.com/help?nodeId=GDCTD7L6N6R96WVK
Problemas con la reproducción y ayuda,Solucionar problemas con la conexión a Internet con el dispositivo conectado,Qué hacer si la aplicación de Prime Video del dispositivo conectado no se conecta a Internet. Es posible que recibas un mensaje de error mientras usas la aplicación de Prime Video si tienes problemas con la conexión a Internet. Prueba los siguientes pasos si tienes problemas: Temas de ayuda relacionados,https://www.primevideo.com/help?nodeId=GL8WMKLCYL8NU5FS
Problemas con la reproducción y ayuda,Problemas con el error 2063 de Prime Video,Qué hacer si aparece el código de error 2063 en Prime Video. Temas de ayuda relacionados,https://www.primevideo.com/help?nodeId=G67ZXAW3XXV42YPB
Problemas con la reproducción y ayuda,Problemas con el error 5004 de Prime Video,"Qué hacer si aparece el código de error 5004 en Prime Video. Temas de ayuda relacionadosAsegúrate de que la dirección de correo electrónico y la contraseña que utilizas para iniciar sesión sean correctas. Si el problema persiste, restablece la contraseña. Para ello, ve a la página de inicio de sesión y haz clic en ¿Has olvidado tu contraseña?",https://www.primevideo.com/help?nodeId=GHXU2LF9RGW8VV68
Problemas con la reproducción y ayuda,Problemas con el error 7235 de Prime Video,"Qué hacer si aparece el código de error 7235 en Prime Video. Si la actualización del navegador web Chrome no funciona, estos pasos también pueden ser útiles: Temas de ayuda relacionadosAsegúrate de que el navegador web de Chrome para escritorio esté actualizado. Comprueba si hay actualizaciones disponibles del navegador en Configuración > Acerca de Chrome.
Se te pedirá que descargues e instales las actualizaciones disponibles. En el navegador web Chrome, escribe chrome://components en la barra de direcciones y pulsa Intro.
Haz clic en “Buscar actualizaciones” en Widevine Content Decryption Module e instala las que estén disponibles.",https://www.primevideo.com/help?nodeId=G8X362NHQ64MH5SY
Problemas con la reproducción y ayuda,Problemas con Prime Video con acceso desde proveedores externos,"Cómo obtener ayuda si accedes a Prime Video a través de proveedores externos, como un proveedor de telefonía móvil o de banda ancha. Si pagas por acceder a Prime Video a través de proveedores externos, contacta con tu proveedor si tienes alguna duda, como, por ejemplo, las ofertas disponibles. Las consultas sobre facturación, suscripciones y cancelaciones deben efectuarse al proveedor de servicios externo.",https://www.primevideo.com/help?nodeId=GL855SPZQ2CB4HGC
Problemas con la reproducción y ayuda,Problemas con errores de PIN de Prime Video,Qué hacer si tu PIN de Prime Video no funciona o si ves códigos de error como 5014 o 5016.,https://www.primevideo.com/help?nodeId=GA4PSHZYE4VADLYL
Problemas con la reproducción y ayuda,¿Puedo ver Prime Video si viajo al extranjero?,"Los miembros de Amazon Prime pueden reproducir determinados títulos de Amazon Originals mientras están fuera de su país de origen. Fuera de tu país de residencia es posible que cambie la selección de títulos que puedes reproducir en streaming en Prime Video. Si tienes un dispositivo compatible, puedes descargar títulos antes de viajar para verlos sin conexión en cualquier parte del mundo.",https://www.primevideo.com/help?nodeId=GJ2P83PMNC54XKV9
Problemas con la reproducción y ayuda,Forzar la detención de la app de Prime Video en un dispositivo Android,"Si la aplicación de Prime Video no responde, puedes forzar el cierre e intentarlo de nuevo.Abre la aplicación Configuración del dispositivo Android. Busca y selecciona la aplicación de Prime Video. Selecciona Forzar detención.",https://www.primevideo.com/help?nodeId=GQHPEUU6QMLL7CU9
Problemas con la reproducción y ayuda,Forzar la detención de la app de Prime Video en un dispositivo iOS,"Si la aplicación de Prime Video no responde, puedes forzar el cierre e intentarlo de nuevo. Para obtener más información, visita la página de asistencia técnica de Apple: Cómo forzar el cierre de una app en el iPhone, iPad o iPod touch.",https://www.primevideo.com/help?nodeId=G2LNVKHJN98SBHQ4
Problemas con la reproducción y ayuda,"Problemas al reproducir contenido de Prime Video a través de la suscripción a Prime
                           Video Mobile Edition (PVME) en la India","Qué hacer si ves el mensaje “Tu suscripción actual no permite ver en ningún otro dispositivo” o “Límite de dispositivos alcanzado” en Prime Video. Los clientes de Prime Video Edición Móvil de la India solo pueden ver contenido de Prime Video en un dispositivo móvil. Después de suscribirte, el primer dispositivo móvil en el que ves contenido de Prime Video se convierte en el único dispositivo desde el que puedes acceder al contenido. Los clientes de Prime Lite de la India solo pueden ver contenido de Prime Video en un dispositivo (móvil o televisor). Después de suscribirte, el primer dispositivo en el que veas contenido de Prime Video se convertirá en el único dispositivo desde el que puedes acceder al contenido. Las suscripciones a Prime Lite ofrecidas a través de proveedores de servicios externos en la India te permiten ver contenido de Prime Video en uno o dos dispositivos (dispositivos móviles o televisores). El número de dispositivos en los que puedes ver el contenido se te mostrará durante el registro. Para ver contenido de Prime Video en otros dispositivos, puedes actualizar tu suscripción en primevideo.com/upgrade. Los clientes de Amazon Prime de la India pueden ver Prime Video en cinco dispositivos en total, incluidos dos televisores. Después de suscribirte, los dos primeros dispositivos en los que veas contenido de Prime Video se convertirán en los únicos dispositivos desde los que puedes acceder a contenido. Para ver contenido de Prime Video en otros dispositivos, los clientes de PVME y Prime Lite pueden actualizar su suscripción visitando primevideo.com/upgrade. Los clientes de Prime existentes pueden registrar otra suscripción a Prime en una nueva cuenta de Amazon. Para eliminar tu dispositivo o dispositivos actuales y ver contenido en un dispositivo nuevo, visita la sección Dispositivos de la página Cuenta y configuración de Prime Video. Identifica los dispositivos registrados en Prime Video Edición Móvil o Prime Lite (con una marca azul) y selecciona Eliminar.",https://www.primevideo.com/help?nodeId=ThlENNbZ5gxXv9QGjr
Accesibilidad,Funciones de accesibilidad de Prime Video,"Puedes activar estas funcionalidades durante la reproducción de los títulos que las incluyen. Muchos títulos de Prime Video incluyen subtítulos, pistas alternativas, descripciones en audio o una combinación de todos ellos. La gama de funcionalidades admitidas dependerá del dispositivo que utilices. Vínculos relacionados",https://www.primevideo.com/help?nodeId=GTWNZUHHV9WJREGX
Accesibilidad,Accesos directos de teclado en Prime Video,"Puedes controlar la reproducción en Prime Video con el teclado de un equipo. Los accesos directos de teclado que puedes utilizar para ver Prime Video en un navegador web son los siguientes: ESPACIO para alternar entre reproducción y pausa. F para pasar a o salir de la pantalla completa. Esc para salir de la pantalla completa o para dejar de reproducir. Flecha hacia la izquierda para retroceder 10 segundos. Flecha hacia la derecha para avanzar 10 segundos. Flecha hacia arriba para subir el volumen. Flecha hacia abajo para bajar el volumen. M para activar el silencio. C para activar o desactivar los subtítulos y cambiar de idioma en los subtítulos. A para alternar entre las pistas de audio disponibles, incluidas las opciones de las descripciones en audio y mejorar el diálogo.",https://www.primevideo.com/help?nodeId=GE4VW9VWJD7FM6DR
Accesibilidad,"Proceso de valoración de la accesibilidad de Prime Video y Amazon Music Canadá mediante
                           comentarios","En esta página se describe el proceso de valoración de accesibilidad de Amazon. Amazon ha recibido tus comentarios sobre las barreras de accesibilidad que puedes haber encontrado en Amazon Music o Prime Video, o tus comentarios sobre la forma en que Amazon está implementando su plan de accesibilidad. La persona responsable de recibir comentarios de este tipo en Amazon es el promotor de la accesibilidad. Los comentarios pueden ser generales o específicos, pero proporcionar más detalles como la fecha, el nombre de la página web, la app o la actividad en cuestión pueden ayudar a que comprendamos mejor tus preocupaciones. Amazon.com.ca ULC 40 King Street West, 47th Floor Toronto, ON M5H 3Y2 Los usuarios que envían sus comentarios pueden proporcionar información personal e información de contacto a través del Centro de accesibilidad y ayuda para dispositivos y servicios digitales. Si quieres enviar tus comentarios de forma anónima, puedes hacerlo por correo postal a la dirección indicada anteriormente o por teléfono a través del servicio Llámame. El acuse de recibo se enviará automáticamente para los comentarios recibidos por correo electrónico. Los comentarios que nos lleguen por teléfono y chat en directo implican una interacción directa con un empleado de Amazon, por lo que será dicho empleado quien confirme que ha recibido correctamente los comentarios. En el caso de los comentarios recibidos por correo postal, si se proporciona la información de contacto, se enviará un acuse de recibo a la dirección proporcionada. Si lo solicitas, se pueden proporcionar otros formatos alternativos de descripción del proceso de valoración mediante comentarios, como por ejemplo, en formato impreso, impreso en letra grande, braille, audio o formato electrónico compatible con tecnología adaptativa.",https://www.primevideo.com/help?nodeId=T6s3m9M67ZqCPJoIVP
Pistas de audio de Prime Video,Descripciones y pistas de audio alternativas en Prime Video en dispositivos conectados,"Muchos títulos de Prime Video incluyen varias pistas de audio, como idiomas alternativos o descripciones en audio. Muchos títulos de Prime Video incluyen subtítulos, pistas alternativas, descripciones en audio o una combinación de todos ellos. La gama de funcionalidades admitidas dependerá del dispositivo que utilices.Durante la reproducción del título, pulsa Arriba el mando a distancia y, luego, selecciona Audio e idiomas. Selecciona la pista de audio que quieras en la lista disponible. Las pistas de descripción en audio incluyen el texto [Descripción en audio] en el nombre de la pista. Nota: En algunas plataformas, es posible que veas dos opciones diferentes. Si es así, selecciona la opción Audio.
Muchos títulos de Prime Video incluyen subtítulos, pistas alternativas, descripciones en audio o una combinación de todos ellos. La gama de funcionalidades admitidas dependerá del dispositivo que utilices.",https://www.primevideo.com/help?nodeId=GYWG45TK599P4KUL
Pistas de audio de Prime Video,"Descripciones o pistas de audio alternativas en Prime Video en web, dispositivos Amazon
                           y dispositivos móviles","Muchos títulos de Prime Video incluyen varias pistas de audio, como idiomas alternativos o descripciones en audio. Muchos títulos de Prime Video incluyen subtítulos, pistas alternativas, descripciones en audio o una combinación de todos ellos. La gama de funcionalidades admitidas dependerá del dispositivo que utilices.Al reproducir un título, selecciona el icono de Subtítulos descriptivos o Subtítulos. En algunas plataformas, es posible que veas una opción de Audio independiente. Puede que tengas que tocar la pantalla de tu dispositivo para acceder a este menú. Selecciona la pista de audio que quieres escuchar. Las pistas de descripciones en audio incluyen el texto [Descripciones en audio] en el nombre de la pista.
Muchos títulos de Prime Video incluyen subtítulos, pistas alternativas, descripciones en audio o una combinación de todos ellos. La gama de funcionalidades admitidas dependerá del dispositivo que utilices.",https://www.primevideo.com/help?nodeId=GF8DJ3VXMMJBYHVG
Pistas de audio de Prime Video,"Seleccionar Subir los diálogos en Prime Video para web, dispositivos Amazon y dispositivos
                           móviles","Activa Subir los diálogos durante la reproducción de un título compatible en la web, dispositivos Amazon y dispositivos móviles.Al reproducir un título, selecciona el icono de Subtítulos descriptivos o Subtítulos. En algunas plataformas, es posible que veas una opción de Audio independiente. Puede que tengas que tocar la pantalla del dispositivo para acceder a este menú. En la sección Audio, selecciona la frecuencia de Dialogue Boost que debe ser Media o Alta según tus preferencias.",https://www.primevideo.com/help?nodeId=TYiAAjz4wR2wWsttiy
Subtítulos,Activar subtítulos de Prime Video en dispositivos conectados,"Activa los subtítulos durante la reproducción de un título compatible en dispositivos como televisores Smart TV, decodificadores y consolas de juegos. Antes de la reproducción, es posible que tengas que seleccionar el idioma en el que quieres que se vean los subtítulos. En la pantalla Información general del título, pulsa hacia arriba y luego a la derecha para seleccionar Subtítulos. Si hay subtítulos disponibles, aparecerá indicado con el icono de subtítulos.Durante la reproducción de un título compatible con subtítulos, selecciona el icono de subtítulos en el menú de reproducción. Esto te permitirá activar o desactivar los subtítulos, así como seleccionar su idioma. Puede que tengas que pulsar el botón Intro del mando a distancia o un botón similar en un mando de juego para acceder a este menú. También puedes ajustar el tamaño y el color del texto de los subtítulos mediante el menú Configuración de subtítulos. Si tu dispositivo lo admite, también se pueden crear y seleccionar preajustes.
Muchos títulos de Prime Video incluyen subtítulos, pistas alternativas, descripciones en audio o una combinación de todos ellos. La gama de funcionalidades admitidas dependerá del dispositivo que utilices.
Para activar los subtítulos en dispositivos Roku, pulsa el botón Inicio del mando a distancia de Roku y, a continuación, desplázate hasta el menú Configuración. Selecciona Accesibilidad o Subtítulos, selecciona el modo Subtítulos en el menú y, a continuación, elige cuándo aparecen los subtítulos (activados o desactivados). Los dispositivos Roku no son compatibles con los preajustes de subtítulos; tienen que editarse en el menú Configuración del dispositivo Roku.
Para gestionar subtítulos en Apple TV, tienes que ejecutar otros pasos. Visita el siguiente enlace para obtener más información https://support.apple.com/es-es/HT202772 Muchos títulos de Prime Video incluyen subtítulos, pistas alternativas, descripciones en audio o una combinación de todos ellos. La gama de funcionalidades admitidas dependerá del dispositivo que utilices. Para activar los subtítulos en dispositivos Roku, pulsa el botón Inicio del mando a distancia de Roku y, a continuación, desplázate hasta el menú Configuración. Selecciona Accesibilidad o Subtítulos, selecciona el modo Subtítulos en el menú y, a continuación, elige cuándo aparecen los subtítulos (activados o desactivados). Los dispositivos Roku no son compatibles con los preajustes de subtítulos; tienen que editarse en el menú Configuración del dispositivo Roku. Para gestionar subtítulos en Apple TV, tienes que ejecutar otros pasos. Visita el siguiente enlace para obtener más información https://support.apple.com/es-es/HT202772",https://www.primevideo.com/help?nodeId=GUZE7UNGCAN9UUM4
Subtítulos,"Activar subtítulos de Prime Video en web, dispositivos Amazon y dispositivos móviles","Activa los subtítulos durante la reproducción de un título compatible en el sitio web de Amazon, dispositivos Amazon, teléfonos móviles y tablets. Muchos títulos de Prime Video incluyen subtítulos, pistas alternativas, descripciones en audio o una combinación de todos ellos. La gama de funcionalidades admitidas dependerá del dispositivo que utilices.Durante la reproducción de un título compatible con subtítulos, selecciona el icono de subtítulos en el menú de reproducción. Puede que tengas que tocar la pantalla de tu dispositivo para acceder a este menú. Selecciona los subtítulos que quieres ver. Si hay subtítulos disponibles, aparecerá indicado con el icono de subtítulos. En algunos dispositivos puedes ajustar el tamaño y el color del texto de los subtítulos mediante el menú Configuración de subtítulos. Si tu dispositivo lo admite, también se pueden crear y seleccionar preajustes.
Muchos títulos de Prime Video incluyen subtítulos, pistas alternativas, descripciones en audio o una combinación de todos ellos. La gama de funcionalidades admitidas dependerá del dispositivo que utilices.",https://www.primevideo.com/help?nodeId=GSCKYCF4RT6KFYXJ
Perfiles,¿Qué son los perfiles de Prime Video?,"Los perfiles de Prime Video permiten acceder a recomendaciones personalizadas, al progreso de la temporada y a una lista de seguimiento en función de la actividad de cada perfil. Los perfiles de Prime Video permiten crear y gestionar varios perfiles dentro de la cuenta, con contenido personalizado para cada perfil. Cada perfil incluirá recomendaciones personalizadas, el progreso de la temporada y la lista de seguimiento en función de la actividad de cada perfil. Para controlar el acceso a tu perfil, consulta Bloquear mi perfil de Prime Video. Puedes tener hasta seis perfiles de usuario (un perfil principal predeterminado y cinco perfiles adicionales de adultos o infantiles) en Prime Video en una única cuenta de Amazon. Temas de ayuda relacionados",https://www.primevideo.com/help?nodeId=GD8VJD2EDJ2GSNEC
Perfiles,¿Qué son los perfiles infantiles de Prime Video?,"Prime Video garantiza que en los perfiles infantiles solo aparezca contenido apropiado según la edad (12 años o menos). Prime Video garantiza que en el perfil infantil solo aparezcan las series y películas apropiadas según la edad (calificación de edad de 12 años o menos). Sin embargo, todas las descargas, incluidas las del perfil de adulto, seguirán estando disponibles y podrás acceder a ellas a través de los perfiles infantiles. También se filtrarán los resultados y las sugerencias de búsqueda. No se permiten compras en los perfiles infantiles. Para impedir que los niños compren en perfiles que no son infantiles, puedes activar las Restricciones de compra en Prime Video, en Configuración > Restricciones, para evitar que realicen compras sin un PIN de Prime Video. Para evitar que los niños cambien a un perfil adulto y accedan a contenido inapropiado, puedes bloquear con PIN los perfiles de adultos. Consulta Bloquear el perfil de Prime Video. También puedes restringir la creación de perfiles para evitar que se creen nuevos perfiles con los que ignorar las restricciones. Consulta Restringir la creación y eliminación de perfiles de Prime Video. Temas de ayuda relacionados",https://www.primevideo.com/help?nodeId=GD6ARQYPV5H7RYA4
Perfiles,¿Qué dispositivos son compatibles actualmente con los perfiles de Prime Video?,"Actualmente, no todos los dispositivos son compatibles con los perfiles de Prime Video. La creación y gestión de perfiles de Prime Video es compatible con: Temas de ayuda relacionados",https://www.primevideo.com/help?nodeId=G8DVZYELKS6BAWKS
Perfiles,Crear y gestionar perfiles de Prime Video desde el sitio web,Puedes crear y gestionar perfiles de Prime Video a través del sitio web. Puedes tener hasta seis perfiles de usuario (un perfil predeterminado y cinco perfiles adicionales de adultos o infantiles) en Prime Video en una única cuenta de Amazon. Para crear y gestionar (editar o eliminar) un perfil de Prime Video en el sitio web: Temas de ayuda relacionados,https://www.primevideo.com/help?nodeId=GYKZXYTPAKNP7UU4
Perfiles,Crear y gestionar perfiles de Prime Video en dispositivos conectados,"Puedes crear y gestionar perfiles de Prime Video a través de la app de Prime Video en tus dispositivos conectados, como televisores Smart TV, decodificadores y consolas de juegos. Puedes tener hasta seis perfiles de usuario (un perfil predeterminado y cinco perfiles adicionales de adultos o infantiles) en Prime Video en una única cuenta de Amazon. Para crear y gestionar (editar o eliminar) un perfil de Prime Video desde la app de Prime Video en dispositivos conectados compatibles: Temas de ayuda relacionados",https://www.primevideo.com/help?nodeId=G7YSAVDEETUWU27Q
Perfiles,"Crear y gestionar perfiles de Prime Video en dispositivos iOS y Android y en tablets
                           Fire","Puedes crear y gestionar perfiles de Prime Video desde la aplicación de Prime Video en dispositivos iOS, Android y en tablets Fire. Puedes tener hasta seis perfiles de usuario (un perfil predeterminado y cinco perfiles adicionales de adultos o infantiles) en Prime Video en una única cuenta de Amazon. Para crear y gestionar (modificar o eliminar) un perfil de Prime Video mediante la app de Prime Video en dispositivos con iOS, Android y tablets Fire: Temas de ayuda relacionados",https://www.primevideo.com/help?nodeId=G5K5H8YYNEXNYEXH
Perfiles,Crear y gestionar perfiles de Prime Video en Fire TV,Puedes crear y gestionar perfiles de Prime Video desde la app de Prime Video en tus dispositivos Fire TV. Puedes tener hasta seis perfiles de usuario (un perfil predeterminado y cinco perfiles adicionales de adultos o infantiles) en Prime Video en una única cuenta de Amazon. Para crear y gestionar (editar o eliminar) un perfil de Prime Video desde la aplicación de Prime Video en el Fire TV: Temas de ayuda relacionados,https://www.primevideo.com/help?nodeId=G36R57HJZELY4ZV4
Perfiles,Bloquear el perfil de Prime Video,"El bloqueo del perfil te permite restringir el acceso a tu perfil personal de Prime Video mediante un PIN. Para obtener instrucciones sobre cómo configurar un PIN de cuenta, consulta Configurar un PIN de cuenta de Prime Video en la web. Para configurar el bloqueo del perfil, ve a Mis perfiles y sigue estos pasos:Haz clic en Editar perfil y, a continuación, en el perfil que quieras bloquear. En la página Editar perfil, haz clic en el botón Gestionar situado junto a PIN del perfil / de la cuenta y bloqueos. Si se te pide, introduce la contraseña de tu cuenta de Amazon. Introduce el PIN de tu perfil / cuenta y haz clic en Continuar. En la página PIN del perfil / de la cuenta y bloqueos, configura el Bloqueo de perfil como activado y luego haz clic en Guardar.
Para acceder a tu perfil, ahora tendrás que introducir tu PIN de perfil / cuenta.",https://www.primevideo.com/help?nodeId=T2VYxsiqT2CP35ChTf
Perfiles,Restablecer el perfil de Prime Video o el PIN de la cuenta,"Si necesitas cambiar o restablecer tu PIN de perfil / cuenta, sigue estos pasos. Para gestionar tu PIN de Prime Video, ve a Mis perfiles y sigue los pasos que se indican a continuación: Para cambiar el PIN: Para restablecer un PIN olvidado: Haz clic en Editar perfil y después en el perfil para el que quieras restablecer el PIN. En la pantalla Introducir PIN del perfil, haz clic en ¿Has olvidado el PIN? y después en Continuar. Si se te pide, introduce la contraseña de tu cuenta de Amazon. En la pantalla Crear PIN del perfil, introduce un nuevo PIN y haz clic en Continuar.Haz clic en Editar perfil y, a continuación, en el perfil que vas a actualizar. Si se te pide, introduce la contraseña de tu cuenta de Amazon. En la página Editar perfil, haz clic en el botón Gestionar situado junto a PIN del perfil / de la cuenta y bloqueos. En la página PIN del perfil / de la cuenta y bloqueos, haz clic en el botón Gestionar situado junto a PIN de cuenta / perfil de Prime Video. Introduce un nuevo PIN y haz clic en Continuar para confirmar.",https://www.primevideo.com/help?nodeId=T0C8C83ChMx3i0D5jV
Perfiles,Restringir la creación y eliminación de perfiles de Prime Video,"Como titular de la cuenta, puedes controlar si los perfiles de tu cuenta pueden crear o eliminar perfiles de Prime Video. Al bloquear la creación de perfiles, evitas que se configuren nuevos perfiles que puedan eludir las restricciones de compra o visualización. Para bloquear la creación de un perfil en tu cuenta, ve a Mis perfiles y sigue estos pasos:Haz clic en Editar perfil y después en el perfil del titular de la cuenta. En la página Editar perfil, haz clic en el botón Gestionar situado junto a PIN de la cuenta y bloqueos. Si se te pide, introduce la contraseña de tu cuenta de Amazon. Introduce tu PIN de la cuenta y haz clic en Continuar.
Para obtener instrucciones sobre cómo configurar un PIN de cuenta, consulta Configurar un PIN de cuenta de Prime Video en la web. En la página PIN de la cuenta y bloqueos, configura el Bloqueo de creación y eliminación como activado y haz clic en Guardar.
Una vez configurado, los perfiles de tu cuenta deberán introducir el PIN de la cuenta para crear o eliminar perfiles.",https://www.primevideo.com/help?nodeId=TRQqxo2nTVt2GHQQeH
Suscripciones de Prime Video,Problemas para acceder al contenido desde proveedores externos,Las suscripciones a canales premium a través de otro proveedor no se pueden acceder directamente a través de Prime Video. Es posible que puedas acceder a estas suscripciones en dispositivos Fire TV o tablets Fire a través de una aplicación. Ponte en contacto con tu proveedor de suscripción para obtener más información.,https://www.primevideo.com/help?nodeId=GZS9UJHDL6F8UVB3
Suscripciones de Prime Video,Tengo problemas para ver suscripciones de Prime Video cuando viajo,"Actualmente, las suscripciones add-on de Prime Video solo están disponibles para ver y reproducir en streaming desde tu país de origen. Mientras viajas fuera de tu país de residencia, puede cambiar la selección de títulos que puedes reproducir en streaming en Prime Video. Por lo tanto, solo puedes ver en streaming, además de estos títulos, los títulos que hayas comprado o alquilado al viajar fuera de tu país de residencia.",https://www.primevideo.com/help?nodeId=GCDVKUEZ2TJL7SJ4
Suscripciones de Prime Video,¿Qué se incluye en las suscripciones de Prime Video?,Las suscripciones add-on de Prime Video son la ventaja de Amazon Prime que te permite elegir tus canales por una tarifa adicional. Los proveedores de la suscripción gestionan la disponibilidad de los títulos que se incluyen con su servicio. Algunas suscripciones add-on de Prime Video también cuentan con la opción de Ver en directo. Esta función te da la opción de reproducir la programación en streaming en directo en dispositivos compatibles al mismo tiempo que se transmite por televisión.,https://www.primevideo.com/help?nodeId=GGQ38JL9EK3QN6KN
Suscripciones de Prime Video,Pago de suscripciones de Prime Video con tarjetas regalo,"Los clientes de México ahora pueden pagar las suscripciones add-on de Prime Video con el saldo de su tarjeta regalo. En México puedes comprar tarjetas regalo de Amazon en tiendas como Oxxo, 7-Eleven, Circle K, Chedraui, Extra, Go Mart, La Comer, Farmacias Guadalajara y Waldo's. También puedes comprar tarjetas regalo digitales a través del sitio web de Amazon.com.mx. La opción de utilizar una tarjeta regalo aparecerá durante el proceso de suscripción a Prime o a suscripciones add-on de Prime Video. Si el saldo de la tarjeta es superior al coste del plan, el saldo permanecerá en la cuenta y se utilizará para pagar los siguientes periodos. Recuerda que el saldo también se puede utilizar para realizar compras en Amazon.com.mx, por lo que debes asegurarte de tener saldo suficiente para cubrir los próximos meses. Para acceder a un periodo de prueba gratis (si se cumplen los requisitos), tendrás que añadir una tarjeta de crédito o débito como método de pago alternativo. Si solo pagas con tarjetas regalo, el periodo de prueba gratis no estará disponible. Puedes cambiar los métodos de pago de las suscripciones add-on existentes de Prime Video mediante Cuenta y configuración.",https://www.primevideo.com/help?nodeId=GTJEC3TQFTZZH3KG
Suscripciones de Prime Video,¿Por qué tengo que pagar más por las suscripciones de Prime Video?,Las suscripciones add-on de Prime Video te permiten ver el contenido adicional que quieras. Las suscripciones add-on de Prime Video no forman parte de tu suscripción a Amazon Prime. Son suscripciones adicionales de pago que te permiten añadir el contenido que deseas de redes premium de terceros y otros canales de entretenimiento con reproducción en streaming. Las suscripciones add-on de Prime Video te permiten pagar solo por las suscripciones que quieras y cancelarlas en cualquier momento. La mayoría de las suscripciones add-on de Prime Video incluyen un periodo de prueba gratuito.,https://www.primevideo.com/help?nodeId=G64ENL4SCTZ4EXSY
Dispositivos compatibles,Dispositivos de Amazon con la app de Prime Video,Los siguientes dispositivos de Amazon tienen acceso a Prime Video.,https://www.primevideo.com/help?nodeId=GJNRWRVL52FFHJ82
Dispositivos compatibles,Reproductores Blu-Ray con la app de Prime Video,Puedes obtener la aplicación de Prime Video en determinados reproductores Blu-ray de estos fabricantes. Temas de ayuda relacionados,https://www.primevideo.com/help?nodeId=GLKUJP7ALG5QR26B
Dispositivos compatibles,Consolas de juegos con la app de Prime Video,La aplicación de Prime Video está disponible en estas consolas de juegos. Temas de ayuda relacionados,https://www.primevideo.com/help?nodeId=GUSU9JFSNXLA99CU
Dispositivos compatibles,Dispositivos móviles con la app de Prime Video,"La app de Prime Video está disponible para dispositivos móviles con Android, iOS y Windows.",https://www.primevideo.com/help?nodeId=G97NYNWZ7BB9CNDW
Dispositivos compatibles,Requisitos del sistema de Prime Video para los equipos,"Prime Video está disponible a través de un navegador web en equipos con Windows, macOS, Chrome OS o Linux. Para acceder a Prime Video, asegúrate de que estés ejecutando la versión más reciente de uno de estos navegadores web: La reproducción de Prime Video es compatible con estos navegadores web. Si ejecutas un sistema operativo distinto de Windows o macOS, la reproducción se limitará a la definición estándar.",https://www.primevideo.com/help?nodeId=GUX9FYHU5D8LC9EJ
Dispositivos compatibles,Configurar decodificadores y reproductores multimedia con la app de Prime Video,Puedes obtener la aplicación de Prime Video en determinados decodificadores y reproductores multimedia de estos fabricantes.,https://www.primevideo.com/help?nodeId=GTAQMQBSRQKKE9FJ
Dispositivos compatibles,Smart TV con la app de Prime Video,Puedes obtener la aplicación de Prime Video en determinadas Smart TV de estos fabricantes. Temas de ayuda relacionados,https://www.primevideo.com/help?nodeId=GK4GR2DKAKDK92H9
"Políticas, avisos e informes legales",Tipos de IVA o de GST,"Los cargos por concepto de IVA pueden variar en función del país de destino y del tipo de producto. La venta de suscripciones a Prime Video, suscripciones de Prime Video y la compra y alquiler de vídeos pueden estar sujetos a impuestos según la legislación fiscal del país y se cobrarán de acuerdo con la legislación local de cada país. Si tu país no aparece en la siguiente tabla, consulta las páginas de ayuda sobre impuestos del sitio web local de Amazon. Según la normativa de tu país de residencia, tu institución financiera podría añadir impuestos al precio neto de la suscripción a Prime Video, que aparecerían como un cobro independiente en el extracto. En estas circunstancias, Amazon no tendrá visibilidad ni autorización para aplicar cargos relacionados con impuestos.",https://www.primevideo.com/help?nodeId=G202117150
"Políticas, avisos e informes legales",Acerca del impuesto a las suscripciones a Prime Video vendidas en PrimeVideo.com,Los productos y servicios digitales que Amazon vende a clientes en determinadas ubicaciones están sujetos a impuestos. Es posible que apliquen impuestos a las suscripciones a Prime Video vendidas a través PrimeVideo.com para los clientes de los siguientes países: Estas suscripciones estarán sujetas a impuestos en el país asociado al lugar de suministro del servicio del cliente. El impuesto se cobrará de acuerdo con la legislación local de cada país.,https://www.primevideo.com/help?nodeId=G202117160
"Políticas, avisos e informes legales","Información sobre el proveedor del servicio de Prime Video y condiciones y políticas
                           aplicables","Tu proveedor de servicios Amazon Prime Video, los términos aplicables al uso que hagas de los servicios Amazon Prime Video y el sitio web principal para el servicio Amazon Prime Video (""Video Marketplace"") dependen de tu ubicación, como se indica a continuación. El uso de otros servicios de Amazon y, si procede, de las ventajas de Prime está regido por términos independientes, que puedes consultar a través de las aplicaciones, sitios web o dispositivos que utilizas para acceder a esos servicios. Australia Si se accede a Prime Video a través de una membresía de Amazon Prime, o para compras y alquileres a través de Prime Video: Proveedor de servicios e información de contacto: Amazon Commercial Services Pty Ltd ABN 30 616 935 623 Level 37, 2 Park Street Sydney NSW 2000 Todos los demás clientes en Australia: Proveedor de servicios e información de contacto: Amazon.com Services LLC C/O Amazon.com Attn: Legal Department 410 Terry Avenue North Seattle, WA 98109-5210, U.S.A. Términos aplicables y avisos legales: Video Marketplace: Brasil Si se accede a Prime Video a través de una membresía de Amazon Prime, o para compras y alquileres a través de Prime Video: Proveedor de servicios e información de contacto: Amazon Serviços de Varejo do Brasil Ltda. Av. Presidente Juscelino Kubitschek, 2.041, Torre E, 18o andar 04543-000 São Paulo- SP Todos los demás clientes en Brasil: Proveedor de servicios e información de contacto: Amazon.com Services LLC C/O Amazon.com Attn: Legal Department 410 Terry Avenue North Seattle, WA 98109-5210, U.S.A. Términos aplicables y avisos legales: Canadá Proveedor de servicios y dirección a efectos de notificaciones: Amazon.com.ca. ULC 40 King Street West, 47th Floor Toronto, ON M5H 3Y2 Términos aplicables y avisos legales: Video Marketplace: Egipto Si se accede a Prime Video a través de una membresía de Amazon Prime Distribuidor registrado e información de contacto: Souq.com para E-Commerce LLC 306 Corniche El Nile Maadi, Egypt Proveedor de servicios multimedia e información de contacto: Amazon.com Services LLC C/O Amazon.com Attn: Legal Department 410 Terry Avenue North Seattle, WA 98109-5210, U.S.A Todos los demás clientes en Egipto Proveedor de servicios / Distribuidor registrado e información de contacto: Amazon.com Services LLC C/O Amazon.com Attn: Legal Department 410 Terry Avenue North Seattle, WA 98109-5210, U.S.A Términos aplicables y avisos legales: Video Marketplace: Unión Europea Proveedor de servicios y dirección a efectos de notificaciones: Vendedor registrado para la UE (sin incluir Alemania, Austria, Francia, Italia y España) y proveedor de servicios multimedia para la UE para visualización bajo demanda de Prime Video: Amazon Digital UK Ltd 1 Principal Place, Worship Street, London, EC2A 2FA Número de sociedad registrado: 6528297 Vendedor registrado para Alemania y Austria, y proveedor de servicios multimedia para la UE para transmisiones lineales de Prime Video: Amazon Digital Germany GmbH Domagkstraße 28, 80807 München, Deutschland Eingetragen in München, Deutschland, Handelsregister Nummer: HR B 181149 Vendedor registrado para Francia: Amazon Digital France SAS 67 boulevard du Général Leclerc Clichy 92110 France Número de expediente estatal: 907 946 404 Vendedor registrado para Italia: Amazon Digital Italy S.r.l. viale Monte Grappa 3/5, 20124 Milan, Italia Número de REA: 2644883 N.º IVA y código de identificación fiscal: 12172710969 Vendedor registrado para España: Amazon Digital Spain S.L.U. 259-A, Paseo de la Castellana, Torre Foster, 28046, Madrid, Spain Número de identificación fiscal (NIF): B67987065 Pie de imprenta/Impressum Términos aplicables y avisos legales: Video Marketplace: Japón Proveedor de servicios y dirección a efectos de notificaciones: Amazon.com Sales, Inc. 410 Terry Avenue North Seattle, WA 98109-5210, U.S.A. Términos aplicables y avisos legales: Video Marketplace: India Proveedor de servicios e información de contacto: Amazon Seller Services Private Limited Ground Floor Eros Plaza, Eros Corporate Tower Nehru Place New Delhi 110019 Términos aplicables y avisos legales: Video Marketplace: Reino de Arabia Saudita Si se accede a Prime Video a través de una membresía de Amazon Prime: Proveedor de servicios e información de contacto: Afaq Q Tech General Trading Co. C/O Amazon.com Building No. 3627, 8166 King Khalid International Airport Postal Code 13413 Riyadh Kingdom of Saudi Arabia Todos los demás clientes en el Reino de Arabia Saudita: Proveedor de servicios e información de contacto: Amazon.com Services LLC C/O Amazon.com Attn: Legal Department 410 Terry Avenue North Seattle, WA 98109-5210, U.S.A. Términos aplicables y avisos legales: Video Marketplace: México Si se accede a Prime Video a través de una membresía de Amazon Prime, o para compras y alquileres a través de Prime Video: Proveedor de servicios e información de contacto: Servicios Comerciales Amazon México, S. de R.L. de C.V. Boulevard Manuel Ávila Camacho 261, Piso 5 Colonia Polanco C.P. 11510 Alcaldía Miguel Hidalgo Ciudad de México, México Todos los demás clientes en México: Proveedor de servicios e información de contacto: Amazon.com Services LLC C/O Amazon.com Attn: Legal Department 410 Terry Avenue North Seattle, WA 98109-5210, U.S.A. Términos aplicables y avisos legales: Video Marketplace: Singapur Si se accede a Prime Video a través de una membresía de Amazon Prime: Proveedor de servicios e información de contacto: Amazon Asia-Pacific Holdings Private Limited 23 Church Street Capital Square Building, 10th Floor Singapore 049481 Todos los demás clientes en Singapur: Proveedor de servicios e información de contacto: Amazon.com Services LLC C/O Amazon.com Attn: Legal Department 410 Terry Avenue North Seattle, WA 98109-5210, U.S.A. Términos aplicables y avisos legales: Video Marketplace: Turquía Si se accede a Prime Video a través de una membresía de Amazon Prime: Proveedor de servicios e información de contacto: Amazon Turkey Perakende Hizmetleri Limited Şirketi Esentepe Mah. Bahar Sok. No.13 52 Şişli, İstanbul Todos los demás clientes en Turquía: Proveedor de servicios e información de contacto: Amazon Turkey Video Dijital Yayıncılık Anonim Şirketi Esentepe Mahallesi Bahar Sk. Özdilek River Plaza Wyndham Grand Hotel Apt. No: 13 52 Şişli, Istanbul Términos aplicables y avisos legales: Video Marketplace: Emiratos Árabes Unidos Si se accede a Prime Video a través de una membresía de Amazon Prime: Proveedor de servicios e información de contacto: Souq.com FZ LLC C/O Amazon.com Attn: Legal Department Dubai Properties Headquarters Zone C,  3rd  Floor Dubai, United Arab Emirates Todos los demás clientes en los Emiratos Árabes Unidos: Proveedor de servicios e información de contacto: Amazon.com Services LLC C/O Amazon.com Attn: Legal Department 410 Terry Avenue North Seattle, WA 98109-5210, U.S.A. Términos aplicables y avisos legales: Video Marketplace: Reino Unido, cada país dentro de Europa (excluida la Unión Europea), Armenia, Aruba, Azerbaiyán, Bosnia y Herzegovina, Comoras, Curazao, Georgia, Groenlandia, Kosovo, Macedonia, Montenegro, Rusia, Santa Lucía, San Martín, San Vicente y las Granadinas, San Cristóbal y Nieves, y Wallis y Futuna. Proveedor de servicios y dirección a efectos de notificaciones: Amazon Digital UK Ltd 1 Principal Place Worship Street Londres EC2A 2FA Número de sociedad registrado: 6528297 Términos aplicables y avisos legales: Video Marketplace (por ubicación): Estados Unidos y todos los demás países no mencionados anteriormente Proveedor de servicios y dirección a efectos de notificaciones: Amazon.com Services LLC C/O Amazon.com Attn: Legal Department 410 Terry Avenue North Seattle, WA 98109-5210, U.S.A. Términos aplicables y avisos legales: Video Marketplace (por ubicación):",https://www.primevideo.com/help?nodeId=G202064890
"Políticas, avisos e informes legales",Avisos y políticas legales,No info,https://www.primevideo.com/help?nodeId=G2KW8UCFPLB2KLBP
"Políticas, avisos e informes legales",Informe de reclamaciones para Prime Video - India,No info,https://d1ergij2b6wmg5.cloudfront.net/Prime+Video/GRS+Report-Prime+Video.html
